frame,time,offset,recv time,send,the,raw
1,0.042124033,0,1641863323,1641863323,0.042129993,3.5535
2,0.05277276,0.003895998,1641863323,1641863323,0.048889875,3.5535
3,0.051498771,0.001984715,1641863323,1641863323,0.049520016,3.5535
4,0.042999744,0.002131701,1641863323,1641863323,0.040879965,3.5535
5,0.04598403,0.002171278,1641863323,1641863323,0.043829918,3.5535
6,0.03977859,0.002081513,1641863323,1641863323,0.037709951,3.5535
7,0.042115331,0.002102971,1641863323,1641863323,0.040019989,3.5535
8,0.053863049,0.003048658,1641863323,1641863323,0.050820112,3.5535
9,0.039985418,0.002138376,1641863323,1641863323,0.037859917,3.5535
10,0.038676262,0.002058744,1641863323,1641863323,0.036629915,3.5535
11,0.043903112,0.002225637,1641863323,1641863323,0.041680098,3.5535
12,0.057683587,0.003878474,1641863323,1641863323,0.05381012,3.5535
13,0.051333427,0.002073526,1641863323,1641863323,0.049270153,3.5535
14,0.040834904,0.002202034,1641863323,1641863323,0.038650036,3.5535
15,0.041781545,0.002112985,1641863323,1641863323,0.039680004,3.5535
16,0.040274978,0.002836585,1641863323,1641863323,0.037440062,3.5535
17,0.044039726,0.002120256,1641863323,1641863323,0.04192996,3.5535
18,0.049451709,0.002298474,1641863324,1641863323,0.047160149,3.5535
19,0.03977716,0.002143979,1641863324,1641863324,0.037650108,3.5535
20,0.041698575,0.002172589,1641863324,1641863324,0.039540052,3.5535
21,0.040781975,0.002713919,1641863324,1641863324,0.038079977,3.5535
22,0.052875638,0.002265573,1641863324,1641863324,0.050610065,3.5535
23,0.040252566,0.002176642,1641863324,1641863324,0.038089991,3.5535
24,0.041460156,0.002176642,1641863324,1641863324,0.039299965,3.5535
25,0.040070772,0.002787113,1641863324,1641863324,0.037290096,3.5535
26,0.041633487,0.002134204,1641863324,1641863324,0.039510012,3.5535
27,0.04120934,0.002740741,1641863324,1641863324,0.038479805,3.5535
28,0.040784478,0.002141356,1641863324,1641863324,0.038650036,3.5535
29,0.046820402,0.002819538,1641863324,1641863324,0.044009924,3.5535
30,0.044253945,0.002161622,1641863324,1641863324,0.042099953,3.5535
31,0.039865613,0.002040982,1641863324,1641863324,0.037840128,3.5535
32,0.040767074,0.00226438,1641863324,1641863324,0.038510084,3.5535
33,0.040010691,0.002433062,1641863324,1641863324,0.037590027,3.5535
34,0.037405252,0.001994133,1641863324,1641863324,0.035429955,3.5535
35,0.047105432,0.002212882,1641863324,1641863324,0.04489994,3.5535
36,0.042259574,0.003723264,1641863324,1641863324,0.038550138,3.5535
37,0.040064216,0.002229333,1641863324,1641863324,0.037840128,3.5535
38,0.053622246,0.002180099,1641863324,1641863324,0.051460028,3.5535
39,0.040167451,0.002082467,1641863324,1641863324,0.038100004,3.5535
40,0.040594339,0.002285719,1641863324,1641863324,0.038310051,3.5535
41,0.050214887,0.001732469,1641863324,1641863324,0.048500061,3.5535
42,0.054099917,0.00285852,1641863325,1641863324,0.051259995,3.5535
43,0.038125873,0.002138257,1641863325,1641863325,0.036000013,3.5535
44,0.043505192,0.002289295,1641863325,1641863325,0.041229963,3.5535
45,0.041948199,0.003900886,1641863325,1641863325,0.038060188,3.5535
46,0.039390326,0.00194335,1641863325,1641863325,0.037460089,3.5535
47,0.042530179,0.002230525,1641863325,1641863325,0.040310144,3.5535
48,0.039938688,0.002721071,1641863325,1641863325,0.037230015,3.5535
49,0.039538026,0.002066731,1641863325,1641863325,0.037480116,3.5535
50,0.053158402,0.002087712,1641863325,1641863325,0.051090002,3.5535
51,0.030248523,0.002050042,1641863325,1641863325,0.028209925,3.5535
52,0.04422152,0.002147317,1641863325,1641863325,0.042079926,3.5535
53,0.032586336,0.004287481,1641863325,1641863325,0.028310061,3.5535
54,0.048267245,0.002157331,1641863325,1641863325,0.046119928,3.5535
55,0.043774724,0.006308675,1641863325,1641863325,0.037480116,3.5535
56,0.050839782,0.002209783,1641863325,1641863325,0.048640013,3.5535
57,0.047675967,0.002800584,1641863325,1641863325,0.044889927,3.5535
58,0.041657209,0.002170324,1641863325,1641863325,0.039519787,3.5535
59,0.041722536,0.002148867,1641863325,1641863325,0.039589882,3.5535
60,0.04026258,0.002178073,1641863325,1641863325,0.038089991,3.5535
61,0.040221453,0.002256155,1641863325,1641863325,0.03798008,3.5535
62,0.040064096,0.002160311,1641863325,1641863325,0.037909985,3.5535
63,0.041971207,0.002175808,1641863325,1641863325,0.039800167,3.5535
64,0.031212568,0.0029881,1641863325,1641863325,0.028239965,3.5535
65,0.051786661,0.001987934,1641863325,1641863325,0.049809933,3.5535
66,0.04444325,0.004996896,1641863325,1641863325,0.03944993,3.5535
67,0.040596128,0.002222896,1641863326,1641863325,0.038389921,3.5535
68,0.042529106,0.002329111,1641863326,1641863326,0.040220022,3.5535
69,0.040524483,0.002318382,1641863326,1641863326,0.038219929,3.5535
70,0.053271174,0.002278686,1641863326,1641863326,0.05099988,3.5535
71,0.039979815,0.00222528,1641863326,1641863326,0.037770033,3.5535
72,0.040534019,0.002314329,1641863326,1641863326,0.038239956,3.5535
73,0.043525934,0.002285242,1641863326,1641863326,0.04124999,3.5535
74,0.031905413,0.002914906,1641863326,1641863326,0.029000044,3.5535
75,0.040078759,0.002275586,1641863326,1641863326,0.037810087,3.5535
76,0.039596558,0.002103329,1641863326,1641863326,0.037499905,3.5535
77,0.160158753,0.002094626,1641863326,1641863326,0.158080101,3.5535
78,0.052758455,0.002371073,1641863326,1641863326,0.050390005,3.5535
79,0.040000439,0.002143145,1641863326,1641863326,0.03786993,3.5535
80,0.041943908,0.001939893,1641863326,1641863326,0.040019989,3.5535
81,0.040443778,0.000172734,1641863326,1641863326,0.040280104,3.5535
82,0.040987372,0.002235532,1641863326,1641863326,0.03876996,3.5535
83,0.042951345,0.002207041,1641863326,1641863326,0.04076004,3.5535
84,0.053301811,0.002164841,1641863326,1641863326,0.051150084,3.5535
85,0.03936398,0.002186179,1641863326,1641863326,0.03718996,3.5535
86,0.052632332,0.002149582,1641863326,1641863326,0.050490141,3.5535
87,0.040088654,0.00257659,1641863326,1641863326,0.037519932,3.5535
88,0.040013194,0.002266526,1641863327,1641863326,0.037750006,3.5535
89,0.038924098,0.002137542,1641863327,1641863327,0.036800146,3.5535
90,0.043920755,0.002319813,1641863327,1641863327,0.041610003,3.5535
91,0.05165863,0.003874302,1641863327,1641863327,0.047799826,3.5535
92,0.042908192,0.002336025,1641863327,1641863327,0.040589809,3.5535
93,0.045410275,0.001706719,1641863327,1641863327,0.043720007,3.5535
94,0.039622545,0.002189875,1641863327,1641863327,0.037450075,3.5535
95,0.039956689,0.002188563,1641863327,1641863327,0.037780046,3.5535
96,0.050565839,0.002185464,1641863327,1641863327,0.048389912,3.5535
97,0.040397048,0.002918363,1641863327,1641863327,0.037490129,3.5535
98,0.038019419,0.002100945,1641863327,1641863327,0.035930157,3.5535
99,0.050149679,0.002164602,1641863327,1641863327,0.048000097,3.5535
100,0.039966345,0.002774,1641863327,1641863327,0.037199974,3.5535
101,0.039490819,0.001914859,1641863327,1641863327,0.037590027,3.5535
102,0.040297627,0.002640367,1641863327,1641863327,0.037670135,3.5535
103,0.043781281,0.00221324,1641863327,1641863327,0.041569948,3.5535
104,0.043931961,0.002084494,1641863327,1641863327,0.041860104,3.5535
105,0.04001236,0.002127647,1641863327,1641863327,0.037889957,3.5535
106,0.044095755,0.002296448,1641863327,1641863327,0.041810036,3.5535
107,0.039517164,0.002385616,1641863327,1641863327,0.037150145,3.5535
108,0.039288878,0.002230763,1641863327,1641863327,0.037069798,3.5535
109,0.039947033,0.001998901,1641863327,1641863327,0.037959814,3.5535
110,0.040319085,0.00242269,1641863327,1641863327,0.037909985,3.5535
111,0.052376032,0.002270699,1641863327,1641863327,0.050120115,3.5535
112,0.039708138,0.002257109,1641863327,1641863327,0.037460089,3.5535
113,0.040774345,0.002264977,1641863328,1641863327,0.038520098,3.5535
114,0.035182953,0.002744436,1641863328,1641863328,0.032449961,3.5535
115,0.03959775,0.00229454,1641863328,1641863328,0.037319899,3.5535
116,0.039797664,0.002113938,1641863328,1641863328,0.037699938,3.5535
117,0.050886989,0.002249837,1641863328,1641863328,0.048650026,3.5535
118,0.040323377,0.003062367,1641863328,1641863328,0.037269831,3.5535
119,0.042250752,0.002220273,1641863328,1641863328,0.040040016,3.5535
120,0.040049791,0.00250864,1641863328,1641863328,0.037549973,3.5535
121,0.036084414,0.002229929,1641863328,1641863328,0.033859968,3.5535
122,0.049723744,0.002058625,1641863328,1641863328,0.04768014,3.5535
123,0.041363597,0.002747893,1641863328,1641863328,0.038630009,3.5535
124,0.040350556,0.002147794,1641863328,1641863328,0.038209915,3.5535
125,0.03986001,0.002640724,1641863328,1641863328,0.037240028,3.5535
126,0.040245414,0.001943231,1641863328,1641863328,0.038310051,3.5535
127,0.051069617,0.002236724,1641863328,1641863328,0.048840046,3.5535
128,0.039145708,0.002604485,1641863328,1641863328,0.036550045,3.5535
129,0.041555643,0.002174139,1641863328,1641863328,0.039399862,3.5535
130,0.04037869,0.003099084,1641863328,1641863328,0.037279844,3.5535
131,0.039032102,0.000173688,1641863328,1641863328,0.038869858,3.5535
132,0.039438128,0.001762033,1641863328,1641863328,0.037689924,3.5535
133,0.043874025,0.002387762,1641863328,1641863328,0.041500092,3.5535
134,0.050254464,0.002100587,1641863328,1641863328,0.048160076,3.5535
135,0.039558172,0.002294064,1641863328,1641863328,0.037270069,3.5535
136,0.042079568,0.002264142,1641863328,1641863328,0.039819956,3.5535
137,0.04290247,0.002555609,1641863329,1641863328,0.040359974,3.5535
138,0.040381432,0.002291679,1641863329,1641863329,0.038100004,3.5535
139,0.040216804,0.002246976,1641863329,1641863329,0.03798008,3.5535
140,0.04148674,0.00236249,1641863329,1641863329,0.039139986,3.5535
141,0.040651083,0.003077507,1641863329,1641863329,0.037580013,3.5535
142,0.039728045,0.002215028,1641863329,1641863329,0.037519932,3.5535
143,0.031956911,0.002288342,1641863329,1641863329,0.029680014,3.5535
144,0.045865297,0.0029006,1641863329,1641863329,0.042969942,3.5535
145,0.04358983,0.004573584,1641863329,1641863329,0.039029837,3.5535
146,0.039415598,0.00216198,1641863329,1641863329,0.037270069,3.5535
147,0.043629646,0.002050638,1641863329,1641863329,0.041589975,3.5535
148,0.039378166,0.00222826,1641863329,1641863329,0.037169933,3.5535
149,0.039691329,0.002251506,1641863329,1641863329,0.037450075,3.5535
150,0.041356564,0.002239943,1641863329,1641863329,0.039129972,3.5535
151,0.053626537,0.002996922,1641863329,1641863329,0.050640106,3.5535
152,0.03964591,0.002854347,1641863329,1641863329,0.036800146,3.5535
153,0.040672064,0.002156258,1641863329,1641863329,0.038519859,3.5535
154,0.051314235,0.002670646,1641863329,1641863329,0.04866004,3.5535
155,0.039157867,0.00305748,1641863329,1641863329,0.036120176,3.5535
156,0.045307636,0.002191305,1641863329,1641863329,0.043129921,3.5535
157,0.049358368,0.002681017,1641863329,1641863329,0.046689987,3.5535
158,0.04044354,0.0020684,1641863329,1641863329,0.03839016,3.5535
159,0.043036461,0.002194643,1641863329,1641863329,0.040850163,3.5535
160,0.040122032,0.002216578,1641863329,1641863329,0.037919998,3.5535
161,0.040073037,0.002207398,1641863329,1641863329,0.037879944,3.5535
162,0.044418573,0.002105474,1641863330,1641863329,0.042320013,3.5535
163,0.04367125,0.002111316,1641863330,1641863330,0.041559935,3.5535
164,0.036760092,-0.001127005,1641863330,1641863330,0.037899971,3.5535
165,0.043170452,0.002234459,1641863330,1641863330,0.040940046,3.5535
166,0.044336319,0.002269983,1641863330,1641863330,0.042069912,3.5535
167,0.044181228,0.002251506,1641863330,1641863330,0.041939974,3.5535
168,0.065162778,0.002098203,1641863330,1641863330,0.063080072,3.5535
169,0.047469616,0.00223732,1641863330,1641863330,0.045239925,3.5535
170,0.041406751,0.002210021,1641863330,1641863330,0.039209843,3.5535
171,0.045657992,0.00230062,1641863330,1641863330,0.043370008,3.5535
172,0.040419817,0.00242281,1641863330,1641863330,0.038009882,3.5535
173,0.040211201,0.002220869,1641863330,1641863330,0.037999868,3.5535
174,0.053556919,0.002236366,1641863330,1641863330,0.05133009,3.5535
175,0.040533423,0.002147079,1641863330,1641863330,0.038399935,3.5535
176,0.042733073,0.002227664,1641863330,1641863330,0.040520191,3.5535
177,0.038600087,0.002618432,1641863330,1641863330,0.03599,3.5535
178,0.04267025,0.002140999,1641863330,1641863330,0.04053998,3.5535
179,0.043739796,0.003413916,1641863330,1641863330,0.040340185,3.5535
180,0.048952699,0.001896501,1641863330,1641863330,0.047070026,3.5535
181,0.039717436,0.002176285,1641863330,1641863330,0.037549973,3.5535
182,0.043156028,0.002122998,1641863330,1641863330,0.041040182,3.5535
183,0.044168115,0.002778411,1641863330,1641863330,0.041399956,3.5535
184,0.039517283,0.002080083,1641863330,1641863330,0.037449837,3.5535
185,0.040147305,0.002252102,1641863331,1641863330,0.037909985,3.5535
186,0.041122556,0.002200723,1641863331,1641863331,0.038939953,3.5535
187,0.04058969,0.002838731,1641863331,1641863331,0.037760019,3.5535
188,0.037043452,0.000242114,1641863331,1641863331,0.036819935,3.5535
189,0.042081356,0.001980782,1641863331,1641863331,0.040109873,3.5535
190,0.046560884,0.002873063,1641863331,1641863331,0.04369998,3.5535
191,0.039518952,0.002297759,1641863331,1641863331,0.03723979,3.5535
192,0.04312861,0.00227797,1641863331,1641863331,0.040860176,3.5535
193,0.039671898,0.002183199,1641863331,1641863331,0.037500143,3.5535
194,0.046393871,0.001924515,1641863331,1641863331,0.044479847,3.5535
195,0.03907299,0.002220154,1641863331,1641863331,0.036859989,3.5535
196,0.040925145,0.002212167,1641863331,1641863331,0.038719893,3.5535
197,0.039911389,0.002747655,1641863331,1641863331,0.037179947,3.5535
198,0.052067518,0.002191305,1641863331,1641863331,0.049880028,3.5535
199,0.037575245,0.003006458,1641863331,1641863331,0.034579992,3.5535
200,0.16426146,0.002161145,1641863331,1641863331,0.162109852,3.5535
201,0.045261383,0.004135847,1641863331,1641863331,0.041140079,3.5535
202,0.048044801,0.002227187,1641863331,1641863331,0.045830011,3.5535
203,0.040488601,0.00466311,1641863331,1641863331,0.035840034,3.5535
204,0.034706116,0.002126932,1641863331,1641863331,0.032589912,3.5535
205,0.048057556,0.004184723,1641863331,1641863331,0.043889999,3.5535
206,0.048681617,0.004527926,1641863331,1641863331,0.044170141,3.5535
207,0.040091634,0.002293468,1641863332,1641863331,0.037800074,3.5535
208,0.039410949,0.002189994,1641863332,1641863332,0.037229776,3.5535
209,0.04038775,0.002267241,1641863332,1641863332,0.038130045,3.5535
210,0.041223884,0.002625585,1641863332,1641863332,0.038609982,3.5535
211,0.040356874,0.002772331,1641863332,1641863332,0.037599802,3.5535
212,0.041395903,0.002011776,1641863332,1641863332,0.039390087,3.5535
213,0.03950417,0.002145886,1641863332,1641863332,0.037369967,3.5535
214,0.037186623,0.002176523,1641863332,1641863332,0.035019875,3.5535
215,0.052051783,0.000966072,1641863332,1641863332,0.051100016,3.5535
216,0.039349318,0.002212286,1641863332,1641863332,0.037150145,3.5535
217,0.040976524,0.002166271,1641863332,1641863332,0.038820028,3.5535
218,0.040109634,0.002591848,1641863332,1641863332,0.037529945,3.5535
219,0.039870977,0.002248526,1641863332,1641863332,0.037629843,3.5535
220,0.045947313,0.002179623,1641863332,1641863332,0.04377985,3.5535
221,0.042272806,0.002150536,1641863332,1641863332,0.040140152,3.5535
222,0.041016579,0.002314806,1641863332,1641863332,0.038709879,3.5535
223,0.039694786,0.002239704,1641863332,1641863332,0.037460089,3.5535
224,0.039349794,0.002208948,1641863332,1641863332,0.037149906,3.5535
225,0.111505747,0.002247334,1641863332,1641863332,0.109270096,3.5535
226,0.052253842,0.00269115,1641863332,1641863332,0.049570084,3.5535
227,0.039287686,0.002195954,1641863332,1641863332,0.037099838,3.5535
228,0.041184425,0.002018213,1641863332,1641863332,0.039170027,3.5535
229,0.039924383,0.002557278,1641863332,1641863332,0.03737998,3.5535
230,0.040468454,0.002230883,1641863333,1641863332,0.038239956,3.5535
231,0.051389575,0.0024575,1641863333,1641863333,0.048949957,3.5535
232,0.043975115,0.00286293,1641863333,1641863333,0.041120052,3.5535
233,0.03950572,0.002080679,1641863333,1641863333,0.037440062,3.5535
234,0.042609572,0.002217889,1641863333,1641863333,0.040400028,3.5535
235,0.039485574,0.002117515,1641863333,1641863333,0.03737998,3.5535
236,0.040389538,0.002179384,1641863333,1641863333,0.038219929,3.5535
237,0.041901112,0.002565622,1641863333,1641863333,0.039350033,3.5535
238,0.036699772,0.003107548,1641863333,1641863333,0.033600092,3.5535
239,0.037535071,0.000212312,1641863333,1641863333,0.037330151,3.5535
240,0.041210294,0.002016902,1641863333,1641863333,0.039199829,3.5535
241,0.039761901,0.002787232,1641863333,1641863333,0.036989927,3.5535
242,0.039214849,0.001971483,1641863333,1641863333,0.037260056,3.5535
243,0.043673873,0.00218451,1641863333,1641863333,0.041500092,3.5535
244,0.040307999,0.002963305,1641863333,1641863333,0.037359953,3.5535
245,0.040629506,0.002269387,1641863333,1641863333,0.038369894,3.5535
246,0.042164326,0.002339363,1641863333,1641863333,0.039829969,3.5535
247,0.040163279,0.002952337,1641863333,1641863333,0.037220001,3.5535
248,0.037975073,0.002091885,1641863333,1641863333,0.035890102,3.5535
249,0.049932599,0.001672149,1641863333,1641863333,0.048269987,3.5535
250,0.044151306,0.002859831,1641863333,1641863333,0.041300058,3.5535
251,0.041176796,0.002019167,1641863333,1641863333,0.039170027,3.5535
252,0.041444302,0.002278328,1641863333,1641863333,0.03918004,3.5535
253,0.039285898,0.002104044,1641863333,1641863333,0.03718996,3.5535
254,0.039847136,0.002226353,1641863333,1641863333,0.037629843,3.5535
255,0.041226029,0.002274394,1641863334,1641863333,0.038960218,3.5535
256,0.040114403,0.003078461,1641863334,1641863334,0.037050009,3.5535
257,0.028614759,0.001966953,1641863334,1641863334,0.026649952,3.5535
258,0.045744896,0.001361132,1641863334,1641863334,0.044389963,3.5535
259,0.052807689,0.004433751,1641863334,1641863334,0.048379898,3.5535
260,0.039615393,0.002411604,1641863334,1641863334,0.037209988,3.5535
261,0.04074955,0.002048731,1641863334,1641863334,0.038709879,3.5535
262,0.038357615,0.00266993,1641863334,1641863334,0.035690069,3.5535
263,0.056395531,0.002106905,1641863334,1641863334,0.05430007,3.5535
264,0.031371117,0.003488064,1641863334,1641863334,0.027889967,3.5535
265,0.044766903,0.002113104,1641863334,1641863334,0.042670012,3.5535
266,0.041332006,0.004398823,1641863334,1641863334,0.036939859,3.5535
267,0.042644382,0.002160192,1641863334,1641863334,0.040500164,3.5535
268,0.040904403,0.002970338,1641863334,1641863334,0.037940025,3.5535
269,0.040700912,0.002137661,1641863334,1641863334,0.038569927,3.5535
270,0.039058566,0.002111793,1641863334,1641863334,0.036949873,3.5535
271,0.158112168,0.002190709,1641863334,1641863334,0.155930042,3.5535
272,0.049595356,0.002221107,1641863334,1641863334,0.047389984,3.5535
273,0.040324688,0.002204418,1641863334,1641863334,0.038129807,3.5535
274,0.04449439,0.002065182,1641863334,1641863334,0.042439938,3.5535
275,0.040444136,0.002502441,1641863334,1641863334,0.037950039,3.5535
276,0.039425254,0.002207637,1641863334,1641863334,0.037220001,3.5535
277,0.04200685,0.00223124,1641863335,1641863334,0.039790154,3.5535
278,0.039543509,0.002608895,1641863335,1641863335,0.036950111,3.5535
279,0.041536689,0.0022012,1641863335,1641863335,0.039340019,3.5535
280,0.037505627,0.002287626,1641863335,1641863335,0.035229921,3.5535
281,0.042613745,0.002286434,1641863335,1641863335,0.040329933,3.5535
282,0.040984035,0.003553271,1641863335,1641863335,0.037440062,3.5535
283,0.039187074,0.001959682,1641863335,1641863335,0.037230015,3.5535
284,0.041123629,0.002118587,1641863335,1641863335,0.039020061,3.5535
285,0.042973757,0.002911091,1641863335,1641863335,0.040070057,3.5535
286,0.047082901,0.001980543,1641863335,1641863335,0.045120001,3.5535
287,0.052293658,0.002277017,1641863335,1641863335,0.050029993,3.5535
288,0.043871045,0.002358079,1641863335,1641863335,0.041530132,3.5535
289,0.039604783,0.002190948,1641863335,1641863335,0.037430048,3.5535
290,0.040065169,0.002176642,1641863335,1641863335,0.037899971,3.5535
291,0.041261673,0.002200365,1641863335,1641863335,0.039070129,3.5535
292,0.042917371,0.002603889,1641863335,1641863335,0.04031992,3.5535
293,0.042199612,0.002743244,1641863335,1641863335,0.039459944,3.5535
294,0.041623116,0.002291679,1641863335,1641863335,0.039340019,3.5535
295,0.039323092,0.002203703,1641863335,1641863335,0.037130117,3.5535
296,0.031865954,0.002144933,1641863335,1641863335,0.029729843,3.5535
297,0.048252583,0.002807856,1641863335,1641863335,0.045459986,3.5535
298,0.04216516,0.00451076,1641863335,1641863335,0.037660122,3.5535
299,0.051489234,0.002041221,1641863335,1641863335,0.049459934,3.5535
300,0.041717768,0.002092838,1641863335,1641863335,0.039630175,3.5535
301,0.041429281,0.00211668,1641863335,1641863335,0.039319992,3.5535
302,0.039411783,0.002929688,1641863336,1641863335,0.036489964,3.5535
303,0.033160925,0.002076864,1641863336,1641863336,0.031090021,3.5535
304,0.047210932,0.00344348,1641863336,1641863336,0.04377985,3.5535
305,0.049158812,0.005141973,1641863336,1641863336,0.044019938,3.5535
306,0.040711522,0.002155185,1641863336,1641863336,0.038569927,3.5535
307,0.043370247,0.002150536,1641863336,1641863336,0.041229963,3.5535
308,0.03986752,0.002191186,1641863336,1641863336,0.037689924,3.5535
309,0.039606214,0.002108455,1641863336,1641863336,0.037509918,3.5535
310,0.040075779,0.002135515,1641863336,1641863336,0.037950039,3.5535
311,0.049464822,0.002129197,1641863336,1641863336,0.047350168,3.5535
312,0.043738961,0.002425551,1641863336,1641863336,0.041320086,3.5535
313,0.052804351,0.002065778,1641863336,1641863336,0.050750017,3.5535
314,0.043776035,0.00213027,1641863336,1641863336,0.041669846,3.5535
315,0.040273666,0.002233505,1641863336,1641863336,0.038049936,3.5535
316,0.040651083,0.002045393,1641863336,1641863336,0.038609982,3.5535
317,0.050859451,0.002052069,1641863336,1641863336,0.048830032,3.5535
318,0.053795695,0.002131104,1641863336,1641863336,0.051670074,3.5535
319,0.04350841,0.002079606,1641863336,1641863336,0.04144001,3.5535
320,0.039581537,0.002064228,1641863336,1641863336,0.037519932,3.5535
321,0.03943634,0.002278805,1641863336,1641863336,0.037169933,3.5535
322,0.031820655,0.002072453,1641863336,1641863336,0.029750109,3.5535
323,0.046620965,0.002849936,1641863336,1641863336,0.04377985,3.5535
324,0.049523115,0.005200624,1641863336,1641863336,0.044329882,3.5535
325,0.040004134,0.002275825,1641863336,1641863336,0.037739992,3.5535
326,0.044995546,0.002195597,1641863337,1641863336,0.042809963,3.5535
327,0.052378058,0.002551913,1641863337,1641863337,0.049839973,3.5535
328,0.040203452,0.002024055,1641863337,1641863337,0.038190126,3.5535
329,0.040996313,0.002026081,1641863337,1641863337,0.038980007,3.5535
330,0.04425931,0.002198219,1641863337,1641863337,0.042069912,3.5535
331,0.052735806,0.002282143,1641863337,1641863337,0.050469875,3.5535
332,0.037749529,0.002147198,1641863337,1641863337,0.035609961,3.5535
333,0.043139577,0.002235293,1641863337,1641863337,0.040920019,3.5535
334,0.042181373,0.003792882,1641863337,1641863337,0.038399935,3.5535
335,0.037898898,0.000172019,1641863337,1641863337,0.037739992,3.5535
336,0.040375829,0.002173066,1641863337,1641863337,0.038220167,3.5535
337,0.041440845,0.002213836,1641863337,1641863337,0.039240122,3.5535
338,0.050951004,0.002853155,1641863337,1641863337,0.048110008,3.5535
339,0.039379716,0.002026439,1641863337,1641863337,0.037359953,3.5535
340,0.04093945,0.002050042,1641863337,1641863337,0.038900137,3.5535
341,0.043432355,0.00254786,1641863337,1641863337,0.040899992,3.5535
342,0.039468288,0.002236128,1641863337,1641863337,0.037240028,3.5535
343,0.053266168,0.002188802,1641863337,1641863337,0.051090002,3.5535
344,0.03054738,0.002219677,1641863337,1641863337,0.028340101,3.5535
345,0.046457767,0.002253532,1641863337,1641863337,0.044209957,3.5535
346,0.047372699,0.00409019,1641863337,1641863337,0.0432899,3.5535
347,0.043549776,0.002280951,1641863337,1641863337,0.041280031,3.5535
348,0.039916158,0.002048612,1641863337,1641863337,0.037880182,3.5535
349,0.040323377,0.002259135,1641863337,1641863337,0.038069963,3.5535
350,0.040094495,0.002219796,1641863338,1641863337,0.037889957,3.5535
351,0.039355516,0.002114058,1641863338,1641863338,0.037250042,3.5535
352,0.043949008,0.001933217,1641863338,1641863338,0.042030096,3.5535
353,0.039398432,0.002215385,1641863338,1641863338,0.03718996,3.5535
354,0.120563865,0.002271295,1641863338,1641863338,0.118309975,3.5535
355,0.050585389,0.002363563,1641863338,1641863338,0.048239946,3.5535
356,0.043198466,0.002177119,1641863338,1641863338,0.041030169,3.5535
357,0.051300287,0.002088547,1641863338,1641863338,0.049230099,3.5535
358,0.040001631,0.002057076,1641863338,1641863338,0.037960052,3.5535
359,0.040206432,0.002121687,1641863338,1641863338,0.038089991,3.5535
360,0.046770215,0.002147079,1641863338,1641863338,0.044639826,3.5535
361,0.030554175,0.002082229,1641863338,1641863338,0.028490067,3.5535
362,0.045288444,0.002215028,1641863338,1641863338,0.043090105,3.5535
363,0.04237783,0.004779458,1641863338,1641863338,0.037610054,3.5535
364,0.040812016,0.002049685,1641863338,1641863338,0.03876996,3.5535
365,0.039675951,0.002635717,1641863338,1641863338,0.037050009,3.5535
366,0.030127287,0.002046347,1641863338,1641863338,0.02809,3.5535
367,0.051173329,0.00204885,1641863338,1641863338,0.049140215,3.5535
368,0.041689992,0.004278302,1641863338,1641863338,0.037419796,3.5535
369,0.041499019,0.002050281,1641863338,1641863338,0.039459944,3.5535
370,0.042116404,0.002557039,1641863338,1641863338,0.039570093,3.5535
371,0.039435983,0.002181888,1641863338,1641863338,0.037260056,3.5535
372,0.052536607,0.002224088,1641863339,1641863338,0.05031991,3.5535
373,0.049708724,0.002180457,1641863339,1641863339,0.047530174,3.5535
374,0.038633347,0.002090216,1641863339,1641863339,0.036549807,3.5535
375,0.040977716,0.002064466,1641863339,1641863339,0.038919926,3.5535
376,0.053214669,0.00261271,1641863339,1641863339,0.050610065,3.5535
377,0.043655038,0.002213359,1641863339,1641863339,0.041450024,3.5535
378,0.044131756,0.0022614,1641863339,1641863339,0.041879892,3.5535
379,0.133788109,0.002239466,1641863339,1641863339,0.131569862,3.5535
380,0.047293663,0.002132416,1641863339,1641863339,0.04516983,3.5535
381,0.040372133,0.002178669,1641863339,1641863339,0.038209915,3.5535
382,0.042196393,0.002289653,1641863339,1641863339,0.039920092,3.5535
383,0.039913177,0.002200127,1641863339,1641863339,0.037730217,3.5535
384,0.051795602,0.002293229,1641863339,1641863339,0.049520016,3.5535
385,0.04062438,0.002180576,1641863339,1641863339,0.038450003,3.5535
386,0.040362835,0.002085686,1641863339,1641863339,0.038290024,3.5535
387,0.043346643,0.002035856,1641863339,1641863339,0.041319847,3.5535
388,0.048818231,0.00220263,1641863339,1641863339,0.046630144,3.5535
389,0.039455295,0.002201915,1641863339,1641863339,0.037269831,3.5535
390,0.044847965,0.002020121,1641863339,1641863339,0.04282999,3.5535
391,0.052721381,0.002610803,1641863339,1641863339,0.050119877,3.5535
392,0.030100226,0.002052903,1641863339,1641863339,0.028049946,3.5535
393,0.047750473,0.002135515,1641863339,1641863339,0.045620203,3.5535
394,0.042341113,0.004633307,1641863340,1641863339,0.037719965,3.5535
395,0.04046607,0.002108812,1641863340,1641863340,0.038370132,3.5535
396,0.040983915,0.002220869,1641863340,1641863340,0.038770199,3.5535
397,0.040104151,0.002787113,1641863340,1641863340,0.037329912,3.5535
398,0.040917158,0.002266407,1641863340,1641863340,0.038660049,3.5535
399,0.032114744,0.002496004,1641863340,1641863340,0.029629946,3.5535
400,0.046612859,0.00278008,1641863340,1641863340,0.043839931,3.5535
401,0.048790097,0.0043751,1641863340,1641863340,0.044430017,3.5535
402,0.039784312,0.002295613,1641863340,1641863340,0.037499905,3.5535
403,0.039665461,0.002269983,1641863340,1641863340,0.037400007,3.5535
404,0.039771557,0.002088785,1641863340,1641863340,0.037690163,3.5535
405,0.052259326,0.002090812,1641863340,1641863340,0.050179958,3.5535
406,0.039650798,0.003032327,1641863340,1641863340,0.036630154,3.5535
407,0.041823626,0.00228858,1641863340,1641863340,0.039549828,3.5535
408,0.054899096,0.002727628,1641863340,1641863340,0.052180052,3.5535
409,0.040061593,0.002671599,1641863340,1641863340,0.037400007,3.5535
410,0.041939497,0.002092838,1641863340,1641863340,0.039859772,3.5535
411,0.040124178,0.002866507,1641863340,1641863340,0.037269831,3.5535
412,0.043277144,0.002107263,1641863340,1641863340,0.041179895,3.5535
413,0.040288568,0.002735496,1641863340,1641863340,0.037559986,3.5535
414,0.039776444,0.002156138,1641863340,1641863340,0.037639856,3.5535
415,0.054253101,0.002257347,1641863340,1641863340,0.052010059,3.5535
416,0.037845492,0.002212644,1641863340,1641863340,0.035640001,3.5535
417,0.043559194,0.001911283,1641863340,1641863340,0.041659832,3.5535
418,0.043831348,0.003821373,1641863341,1641863340,0.040019989,3.5535
419,0.039304733,0.002170324,1641863341,1641863341,0.037149906,3.5535
420,0.039642215,0.002064109,1641863341,1641863341,0.037590027,3.5535
421,0.052721143,0.002164483,1641863341,1641863341,0.050559998,3.5535
422,0.039337158,0.002195358,1641863341,1641863341,0.037150145,3.5535
423,0.042566657,0.002137303,1641863341,1641863341,0.040440083,3.5535
424,0.041829944,0.002753854,1641863341,1641863341,0.039090157,3.5535
425,0.040898442,0.002312541,1641863341,1641863341,0.038599968,3.5535
426,0.036152005,0.002718806,1641863341,1641863341,0.033450127,3.5535
427,0.038449645,0.000197768,1641863341,1641863341,0.038260221,3.5535
428,0.050081015,0.002179623,1641863341,1641863341,0.047909975,3.5535
429,0.03913939,0.00256145,1641863341,1641863341,0.036589861,3.5535
430,0.043138742,0.002159595,1641863341,1641863341,0.040989876,3.5535
431,0.04236877,0.003367305,1641863341,1641863341,0.039010048,3.5535
432,0.04087925,0.002696753,1641863341,1641863341,0.038190126,3.5535
433,0.044232607,0.002266169,1641863341,1641863341,0.041980028,3.5535
434,0.039681911,0.002283335,1641863341,1641863341,0.037410021,3.5535
435,0.042204857,0.002274752,1641863341,1641863341,0.039950132,3.5535
436,0.044401646,0.002884388,1641863341,1641863341,0.041530132,3.5535
437,0.039856076,0.002110362,1641863341,1641863341,0.037750006,3.5535
438,0.038015485,0.002186179,1641863341,1641863341,0.035839796,3.5535
439,0.043347359,0.002157927,1641863341,1641863341,0.041200161,3.5535
440,0.031718254,0.003023863,1641863341,1641863341,0.028710127,3.5535
441,0.046042919,0.002263069,1641863341,1641863341,0.043789864,3.5535
442,0.04242146,0.004953504,1641863341,1641863341,0.037480116,3.5535
443,0.049876332,0.002265811,1641863342,1641863341,0.047620058,3.5535
444,0.041108012,0.002756238,1641863342,1641863342,0.03835988,3.5535
445,0.031304359,-0.002401829,1641863342,1641863342,0.033720016,3.5535
446,0.037745714,0.000351667,1641863342,1641863342,0.037410021,3.5535
447,0.044374108,0.002049565,1641863342,1641863342,0.042330027,3.5535
448,0.044096708,0.002803564,1641863342,1641863342,0.04129982,3.5535
449,0.039513588,0.00198102,1641863342,1641863342,0.037539959,3.5535
450,0.040955663,0.002194047,1641863342,1641863342,0.03876996,3.5535
451,0.040086985,0.002506256,1641863342,1641863342,0.037590027,3.5535
452,0.042763352,0.002066731,1641863342,1641863342,0.040709972,3.5535
453,0.05271399,0.002648711,1641863342,1641863342,0.050080061,3.5535
454,0.040245175,0.002319932,1641863342,1641863342,0.037930012,3.5535
455,0.042716622,0.002258182,1641863342,1641863342,0.040470123,3.5535
456,0.040234208,0.002076507,1641863342,1641863342,0.038169861,3.5535
457,0.049374104,0.002188921,1641863342,1641863342,0.047199965,3.5535
458,0.030481219,0.002168536,1641863342,1641863342,0.028320074,3.5535
459,0.044619083,0.002150774,1641863342,1641863342,0.042479992,3.5535
460,0.054318666,0.004364014,1641863342,1641863342,0.049960136,3.5535
461,0.039575219,0.00216186,1641863342,1641863342,0.037420034,3.5535
462,0.04159987,0.001929402,1641863342,1641863342,0.039680004,3.5535
463,0.042029381,0.002765656,1641863342,1641863342,0.039279938,3.5535
464,0.039749861,0.002240658,1641863342,1641863342,0.037509918,3.5535
465,0.039807677,0.001941562,1641863342,1641863342,0.037880182,3.5535
466,0.039833665,0.002266049,1641863342,1641863342,0.037580013,3.5535
467,0.067453265,0.001779675,1641863343,1641863342,0.065690041,3.5535
468,0.047773242,0.002636552,1641863343,1641863343,0.045150042,3.5535
469,0.037984729,0.002222896,1641863343,1641863343,0.035769939,3.5535
470,0.04457438,0.002242684,1641863343,1641863343,0.042350054,3.5535
471,0.041366458,0.004122615,1641863343,1641863343,0.037249804,3.5535
472,0.039361477,0.002096653,1641863343,1641863343,0.037280083,3.5535
473,0.040634751,0.002186418,1641863343,1641863343,0.038460016,3.5535
474,0.039614439,0.002379417,1641863343,1641863343,0.037250042,3.5535
475,0.030089855,0.002074242,1641863343,1641863343,0.028020144,3.5535
476,0.053560734,0.001904249,1641863343,1641863343,0.051670074,3.5535
477,0.044192791,0.005831003,1641863343,1641863343,0.038379908,3.5535
478,0.036094427,0.002283096,1641863343,1641863343,0.033819914,3.5535
479,0.043680072,0.002040267,1641863343,1641863343,0.041650057,3.5535
480,0.043774247,0.003897548,1641863343,1641863343,0.039879799,3.5535
481,0.03991127,0.001905441,1641863343,1641863343,0.03801012,3.5535
482,0.039770961,0.001902223,1641863343,1641863343,0.037880182,3.5535
483,0.030419588,0.00204134,1641863343,1641863343,0.028389931,3.5535
484,0.041156054,0.002121925,1641863343,1641863343,0.039049864,3.5535
485,0.045031905,0.001991153,1641863343,1641863343,0.043050051,3.5535
486,0.039599419,0.002160311,1641863343,1641863343,0.037450075,3.5535
487,0.053186774,0.001939178,1641863343,1641863343,0.051259995,3.5535
488,0.039609313,0.002255559,1641863343,1641863343,0.037359953,3.5535
489,0.042747259,0.002172709,1641863343,1641863343,0.040580034,3.5535
490,0.048826098,0.002497792,1641863343,1641863343,0.046339989,3.5535
491,0.03895247,0.002230763,1641863343,1641863343,0.036730051,3.5535
492,0.041237831,0.001789093,1641863344,1641863343,0.039460182,3.5535
493,0.042891264,0.002852917,1641863344,1641863344,0.04005003,3.5535
494,0.042311668,0.002082109,1641863344,1641863344,0.040240049,3.5535
495,0.042503119,0.002319336,1641863344,1641863344,0.040189981,3.5535
496,0.053085089,0.003034592,1641863344,1641863344,0.050060034,3.5535
497,0.040305495,0.002143264,1641863344,1641863344,0.038180113,3.5535
498,0.041562557,0.002113342,1641863344,1641863344,0.039459944,3.5535
499,0.044224977,0.002794981,1641863344,1641863344,0.04144001,3.5535
500,0.060082316,0.002157331,1641863344,1641863344,0.057940006,3.5535
501,0.040364385,0.002177119,1641863344,1641863344,0.038199902,3.5535
502,0.03141892,0.002217412,1641863344,1641863344,0.029210091,3.5535
503,0.04817915,0.002436876,1641863344,1641863344,0.045750141,3.5535
504,0.042007804,0.004392266,1641863344,1641863344,0.037630081,3.5535
505,0.042782664,0.002125144,1641863344,1641863344,0.040670156,3.5535
506,0.040633321,0.002979875,1641863344,1641863344,0.037669897,3.5535
507,0.039616466,0.002216935,1641863344,1641863344,0.037410021,3.5535
508,0.03949976,0.001935244,1641863344,1641863344,0.037580013,3.5535
509,0.053530097,0.002061248,1641863344,1641863344,0.051480055,3.5535
510,0.040231943,0.002563953,1641863344,1641863344,0.037670135,3.5535
511,0.039974332,0.001981854,1641863344,1641863344,0.03801012,3.5535
512,0.040813804,0.002141356,1641863344,1641863344,0.038709879,3.5535
513,0.031973124,0.001946211,1641863344,1641863344,0.030040026,3.5535
514,0.040757537,0.002719283,1641863344,1641863344,0.038050175,3.5535
515,0.048610568,0.002138257,1641863344,1641863344,0.046490192,3.5535
516,0.039669275,0.002170563,1641863345,1641863344,0.037509918,3.5535
517,0.039958715,0.002081871,1641863345,1641863345,0.037889957,3.5535
518,0.044472098,0.00228703,1641863345,1641863345,0.04219985,3.5535
519,0.046769381,0.002268791,1641863345,1641863345,0.044509888,3.5535
520,0.047999859,0.002177477,1641863345,1641863345,0.045840025,3.5535
521,0.030901432,0.002191305,1641863345,1641863345,0.028729916,3.5535
522,0.046619177,0.002339363,1641863345,1641863345,0.044290066,3.5535
523,0.046468377,0.004621625,1641863345,1641863345,0.04185009,3.5535
524,0.052498221,0.002292752,1641863345,1641863345,0.050220013,3.5535
525,0.110123634,0.002199411,1641863345,1641863345,0.107939959,3.5535
526,0.047583461,0.002110362,1641863345,1641863345,0.045490026,3.5535
527,0.040911317,0.001906276,1641863345,1641863345,0.039019823,3.5535
528,0.04118526,0.002096534,1641863345,1641863345,0.03910017,3.5535
529,0.041616917,0.002603292,1641863345,1641863345,0.039020061,3.5535
530,0.04037571,0.002699137,1641863345,1641863345,0.037689924,3.5535
531,0.039692521,0.002066255,1641863345,1641863345,0.037639856,3.5535
532,0.040905356,0.002090573,1641863345,1641863345,0.038829803,3.5535
533,0.044048548,0.002506733,1641863345,1641863345,0.041549921,3.5535
534,0.042857885,0.00272131,1641863345,1641863345,0.040150166,3.5535
535,0.039566398,0.002105117,1641863345,1641863345,0.037470102,3.5535
536,0.030741811,0.002084613,1641863345,1641863345,0.028669834,3.5535
537,0.045841336,0.00231111,1641863345,1641863345,0.043540001,3.5535
538,0.046168208,0.004279017,1641863346,1641863345,0.04189992,3.5535
539,0.04652822,0.002290845,1641863346,1641863346,0.044239998,3.5535
540,0.051366568,0.002079487,1641863346,1641863346,0.049299955,3.5535
541,0.039252043,0.002146959,1641863346,1641863346,0.037120104,3.5535
542,0.041512966,0.002198458,1641863346,1641863346,0.03932023,3.5535
543,0.040061831,0.002624393,1641863346,1641863346,0.037450075,3.5535
544,0.040938258,0.002228141,1641863346,1641863346,0.038729906,3.5535
545,0.041661501,0.002331018,1641863346,1641863346,0.039350033,3.5535
546,0.040189147,0.002758622,1641863346,1641863346,0.037439823,3.5535
547,0.031683207,0.002176046,1641863346,1641863346,0.029520035,3.5535
548,0.048224092,0.002586246,1641863346,1641863346,0.045660019,3.5535
549,0.055487156,0.00425601,1641863346,1641863346,0.051249981,3.5535
550,0.039932728,0.002343893,1641863346,1641863346,0.03760004,3.5535
551,0.042574167,0.001804113,1641863346,1641863346,0.040790081,3.5535
552,0.044514179,0.002933979,1641863346,1641863346,0.041599989,3.5535
553,0.040121436,0.002139926,1641863346,1641863346,0.037999868,3.5535
554,0.040009737,0.002258539,1641863346,1641863346,0.037770033,3.5535
555,0.140966296,0.002150416,1641863346,1641863346,0.138829947,3.5535
556,0.039830446,0.002384901,1641863346,1641863346,0.037450075,3.5535
557,0.039693713,0.001868367,1641863346,1641863346,0.037840128,3.5535
558,0.040474653,0.002114058,1641863346,1641863346,0.038369894,3.5535
559,0.030950189,0.002111077,1641863346,1641863346,0.028860092,3.5535
560,0.04588449,0.002048135,1641863347,1641863346,0.043849945,3.5535
561,0.042922258,0.005024672,1641863347,1641863347,0.037909985,3.5535
562,0.046700597,0.002131581,1641863347,1641863347,0.04460001,3.5535
563,0.043081045,0.002156019,1641863347,1641863347,0.040940046,3.5535
564,0.03104794,0.002216935,1641863347,1641863347,0.02884984,3.5535
565,0.047180653,0.002075195,1641863347,1641863347,0.045109987,3.5535
566,0.042669773,0.005001307,1641863347,1641863347,0.037669897,3.5535
567,0.039720774,0.002191782,1641863347,1641863347,0.037539959,3.5535
568,0.040201545,0.002192855,1641863347,1641863347,0.038020134,3.5535
569,0.040219665,0.002094626,1641863347,1641863347,0.03813982,3.5535
570,0.042558789,0.002200961,1641863347,1641863347,0.040369987,3.5535
571,0.040150046,0.002247691,1641863347,1641863347,0.037909985,3.5535
572,0.03276515,0.002137899,1641863347,1641863347,0.030640125,3.5535
573,0.053762436,0.003087997,1641863347,1641863347,0.050679922,3.5535
574,0.056172967,0.004897475,1641863347,1641863347,0.051290035,3.5535
575,0.039686799,0.002108216,1641863347,1641863347,0.037590027,3.5535
576,0.117645979,0.00223279,1641863347,1641863347,0.115430117,3.5535
577,0.03966856,0.002211809,1641863347,1641863347,0.037469864,3.5535
578,0.041945815,0.00221312,1641863347,1641863347,0.039740086,3.5535
579,0.04077971,0.002877593,1641863347,1641863347,0.037919998,3.5535
580,0.039655328,0.002112269,1641863347,1641863347,0.037559986,3.5535
581,0.050274491,0.002241254,1641863347,1641863347,0.048049927,3.5535
582,0.039295316,0.002155662,1641863347,1641863347,0.037150145,3.5535
583,0.042369008,0.002196908,1641863348,1641863347,0.040179968,3.5535
584,0.056307197,0.002814889,1641863348,1641863348,0.053509951,3.5535
585,0.041662335,0.002143502,1641863348,1641863348,0.0395298,3.5535
586,0.040266514,0.002272844,1641863348,1641863348,0.038000107,3.5535
587,0.04401648,0.002242684,1641863348,1641863348,0.041790009,3.5535
588,0.049302101,0.002254009,1641863348,1641863348,0.047060013,3.5535
589,0.039771914,0.002236485,1641863348,1641863348,0.037549973,3.5535
590,0.052442431,0.001836658,1641863348,1641863348,0.050619841,3.5535
591,0.048917413,0.002764106,1641863348,1641863348,0.046159983,3.5535
592,0.050134778,0.002226472,1641863348,1641863348,0.047919989,3.5535
593,0.039261103,0.00198698,1641863348,1641863348,0.037290096,3.5535
594,0.051915407,0.002229452,1641863348,1641863348,0.049700022,3.5535
595,0.048337102,0.007746577,1641863348,1641863348,0.040610075,3.5535
596,0.053430557,0.002889395,1641863348,1641863348,0.050549984,3.5535
597,0.048243523,0.002185583,1641863348,1641863348,0.04606986,3.5535
598,0.053600788,0.002268314,1641863348,1641863348,0.051340103,3.5535
599,0.040135384,0.002264977,1641863348,1641863348,0.037890196,3.5535
600,0.042037129,0.002077222,1641863348,1641863348,0.03997016,3.5535
601,0.040497184,0.002730012,1641863348,1641863348,0.037780046,3.5535
602,0.04210639,0.00218749,1641863348,1641863348,0.03993988,3.5535
603,0.042353868,0.002768278,1641863348,1641863348,0.039589882,3.5535
604,0.040425658,0.002308011,1641863348,1641863348,0.038130045,3.5535
605,0.040253639,0.002307653,1641863348,1641863348,0.037959814,3.5535
606,0.040559411,0.002257466,1641863349,1641863348,0.038310051,3.5535
607,0.039546132,0.002078652,1641863349,1641863349,0.037479877,3.5535
608,0.040506363,0.002810001,1641863349,1641863349,0.03771019,3.5535
609,0.043866158,0.002202511,1641863349,1641863349,0.041670084,3.5535
610,0.152565122,0.003048778,1641863349,1641863349,0.14951992,3.5535
611,0.041641831,0.002219796,1641863349,1641863349,0.039430141,3.5535
612,0.040442228,0.002157927,1641863349,1641863349,0.038290024,3.5535
613,0.040546775,0.002081275,1641863349,1641863349,0.03847003,3.5535
614,0.039938569,0.002212167,1641863349,1641863349,0.037729979,3.5535
615,0.03087163,0.002179384,1641863349,1641863349,0.028709888,3.5535
616,0.044900656,0.002097368,1641863349,1641863349,0.042819977,3.5535
617,0.041433215,0.003516793,1641863349,1641863349,0.037929773,3.5535
618,0.040268779,0.002025962,1641863349,1641863349,0.038249969,3.5535
619,0.052617669,0.002187133,1641863349,1641863349,0.050440073,3.5535
620,0.039540529,0.003078699,1641863349,1641863349,0.03647995,3.5535
621,0.043809891,0.00214529,1641863349,1641863349,0.041680098,3.5535
622,0.042891145,0.003775954,1641863349,1641863349,0.039129972,3.5535
623,0.039712429,0.001984358,1641863349,1641863349,0.037739992,3.5535
624,0.047832251,0.00219965,1641863349,1641863349,0.045639992,3.5535
625,0.039771914,0.002073407,1641863349,1641863349,0.037699938,3.5535
626,0.032026887,0.002168536,1641863349,1641863349,0.029870033,3.5535
627,0.044793963,0.002777219,1641863349,1641863349,0.042029858,3.5535
628,0.040333629,0.004272819,1641863350,1641863349,0.03606987,3.5535
629,0.043323159,0.002264142,1641863350,1641863350,0.041069984,3.5535
630,0.041054487,0.003625631,1641863350,1641863350,0.037440062,3.5535
631,0.052068949,0.002159595,1641863350,1641863350,0.049920082,3.5535
632,0.053142071,0.002302408,1641863350,1641863350,0.050849915,3.5535
633,0.039923549,0.002221227,1641863350,1641863350,0.037719965,3.5535
634,0.041406512,0.002219796,1641863350,1641863350,0.039200068,3.5535
635,0.040744185,0.002704978,1641863350,1641863350,0.038049936,3.5535
636,0.030536652,0.002104521,1641863350,1641863350,0.028450012,3.5535
637,0.039662242,0.00216639,1641863350,1641863350,0.037509918,3.5535
638,0.054386735,0.001952052,1641863350,1641863350,0.052449942,3.5535
639,0.04127562,0.002068877,1641863350,1641863350,0.039210081,3.5535
640,0.044009089,0.002270103,1641863350,1641863350,0.041749954,3.5535
641,0.043900728,0.002041817,1641863350,1641863350,0.041869879,3.5535
642,0.039715886,0.00222075,1641863350,1641863350,0.037509918,3.5535
643,0.04358387,0.002251387,1641863350,1641863350,0.041339874,3.5535
644,0.030195236,0.001939535,1641863350,1641863350,0.028259993,3.5535
645,0.04401958,0.002167821,1641863350,1641863350,0.041860104,3.5535
646,0.048042059,0.004147291,1641863350,1641863350,0.043910027,3.5535
647,0.040881395,0.001678228,1641863350,1641863350,0.039210081,3.5535
648,0.037490606,0.002084732,1641863350,1641863350,0.035419941,3.5535
649,0.038807034,0.000939965,1641863350,1641863350,0.037879944,3.5535
650,0.054196,0.002134681,1641863350,1641863350,0.052069902,3.5535
651,0.039565325,0.001923084,1641863350,1641863350,0.037650108,3.5535
652,0.042068362,0.002189755,1641863351,1641863350,0.039900064,3.5535
653,0.053809166,0.003035069,1641863351,1641863351,0.050780058,3.5535
654,0.039288163,0.002224326,1641863351,1641863351,0.03708005,3.5535
655,0.042569637,0.002166986,1641863351,1641863351,0.040420055,3.5535
656,0.040616989,0.002761126,1641863351,1641863351,0.03786993,3.5535
657,0.042072415,0.002225995,1641863351,1641863351,0.03986001,3.5535
658,0.040904403,0.002869964,1641863351,1641863351,0.038049936,3.5535
659,0.043575287,0.00207448,1641863351,1641863351,0.041520119,3.5535
660,0.044259787,0.002058506,1641863351,1641863351,0.042209864,3.5535
661,0.043750167,0.002210975,1641863351,1641863351,0.041549921,3.5535
662,0.04381907,0.002112269,1641863351,1641863351,0.041719913,3.5535
663,0.039572716,0.002238512,1641863351,1641863351,0.037349939,3.5535
664,0.041891217,0.002113938,1641863351,1641863351,0.03978014,3.5535
665,0.039866924,0.002771854,1641863351,1641863351,0.037099838,3.5535
666,0.046546459,0.001984358,1641863351,1641863351,0.044569969,3.5535
667,0.03974843,0.002675533,1641863351,1641863351,0.03708005,3.5535
668,0.040735245,0.002180338,1641863351,1641863351,0.038569927,3.5535
669,0.036260962,0.002720237,1641863351,1641863351,0.033549786,3.5535
670,0.0447191,0.002175927,1641863351,1641863351,0.042560101,3.5535
671,0.042002797,0.004240632,1641863351,1641863351,0.037769794,3.5535
672,0.039836407,0.002062798,1641863351,1641863351,0.037780046,3.5535
673,0.040499568,0.002100825,1641863351,1641863351,0.038410187,3.5535
674,0.041902304,0.00218606,1641863351,1641863351,0.039730072,3.5535
675,0.038709283,0.002841353,1641863351,1641863351,0.035880089,3.5535
676,0.043379903,0.001963973,1641863351,1641863351,0.041429996,3.5535
677,0.041742682,0.003323913,1641863352,1641863351,0.038429976,3.5535
678,0.043733954,0.002266526,1641863352,1641863352,0.041480064,3.5535
679,0.066345453,0.002172947,1641863352,1641863352,0.064179897,3.5535
680,0.043150902,0.002206564,1641863352,1641863352,0.040949821,3.5535
681,0.051358461,0.001893759,1641863352,1641863352,0.049479961,3.5535
682,0.041785955,0.002188683,1641863352,1641863352,0.039609909,3.5535
683,0.040060878,0.002220273,1641863352,1641863352,0.037859917,3.5535
684,0.039057851,0.002307534,1641863352,1641863352,0.036760092,3.5535
685,0.053120375,0.001750469,1641863352,1641863352,0.051390171,3.5535
686,0.051062942,0.002184272,1641863352,1641863352,0.048890114,3.5535
687,0.047257304,0.002126336,1641863352,1641863352,0.045140028,3.5535
688,0.039971828,0.002220392,1641863352,1641863352,0.037770033,3.5535
689,0.041731,0.002241015,1641863352,1641863352,0.039499998,3.5535
690,0.040649772,0.002764583,1641863352,1641863352,0.037899971,3.5535
691,0.04037416,0.002190948,1641863352,1641863352,0.038190126,3.5535
692,0.045150876,0.002180457,1641863352,1641863352,0.042980194,3.5535
693,0.040090799,0.002097607,1641863352,1641863352,0.038000107,3.5535
694,0.040040612,0.002097249,1641863352,1641863352,0.037959814,3.5535
695,0.041690946,0.002177835,1641863352,1641863352,0.039520025,3.5535
696,0.042752862,0.002687573,1641863352,1641863352,0.04008007,3.5535
697,0.040294528,0.002257705,1641863352,1641863352,0.038050175,3.5535
698,0.039964557,0.002062678,1641863352,1641863352,0.037909985,3.5535
699,0.040468097,0.002258897,1641863352,1641863352,0.038219929,3.5535
700,0.049674511,0.00218749,1641863353,1641863352,0.047500134,3.5535
701,0.040906072,0.002180934,1641863353,1641863353,0.038740158,3.5535
702,0.040147424,0.002301812,1641863353,1641863353,0.037859917,3.5535
703,0.040233016,0.002277493,1641863353,1641863353,0.037960052,3.5535
704,0.039893866,0.002290249,1641863353,1641863353,0.037610054,3.5535
705,0.041334033,0.00221765,1641863353,1641863353,0.039129972,3.5535
706,0.041371584,0.002790213,1641863353,1641863353,0.038599968,3.5535
707,0.043551087,0.001917005,1641863353,1641863353,0.041640043,3.5535
708,0.05354619,0.002185822,1641863353,1641863353,0.051370144,3.5535
709,0.039508462,0.002108693,1641863353,1641863353,0.037410021,3.5535
710,0.044777751,0.002122521,1641863353,1641863353,0.042659998,3.5535
711,0.040310502,0.00251615,1641863353,1641863353,0.037800074,3.5535
712,0.039819241,0.002179623,1641863353,1641863353,0.037650108,3.5535
713,0.039663672,0.002156377,1641863353,1641863353,0.037510157,3.5535
714,0.041472077,0.002198815,1641863353,1641863353,0.039289951,3.5535
715,0.055176616,0.002652526,1641863353,1641863353,0.052540064,3.5535
716,0.043569922,0.002207637,1641863353,1641863353,0.041369915,3.5535
717,0.039735317,0.001983643,1641863353,1641863353,0.037759781,3.5535
718,0.041440487,0.00218606,1641863353,1641863353,0.039259911,3.5535
719,0.041014314,0.002894521,1641863353,1641863353,0.038130045,3.5535
720,0.044541478,0.002140403,1641863353,1641863353,0.042409897,3.5535
721,0.039784551,0.002467513,1641863353,1641863353,0.037330151,3.5535
722,0.037501693,0.002006173,1641863353,1641863353,0.035519838,3.5535
723,0.042308569,0.002230167,1641863353,1641863353,0.040089846,3.5535
724,0.041452408,0.003505468,1641863354,1641863353,0.037960052,3.5535
725,0.039826632,0.002327919,1641863354,1641863354,0.037509918,3.5535
726,0.040546536,0.001889348,1641863354,1641863354,0.038670063,3.5535
727,0.040375471,0.002506495,1641863354,1641863354,0.037880182,3.5535
728,0.045914531,0.002070785,1641863354,1641863354,0.043860197,3.5535
729,0.040383697,0.002246261,1641863354,1641863354,0.038150072,3.5535
730,0.040122747,0.002211332,1641863354,1641863354,0.037919998,3.5535
731,0.044463515,0.002218366,1641863354,1641863354,0.042249918,3.5535
732,0.040332794,0.002227306,1641863354,1641863354,0.038120031,3.5535
733,0.041485667,0.002164721,1641863354,1641863354,0.039330006,3.5535
734,0.03874445,0.002594948,1641863354,1641863354,0.036159992,3.5535
735,0.052095413,0.001522541,1641863354,1641863354,0.050580025,3.5535
736,0.039778948,0.00199151,1641863354,1641863354,0.037820101,3.5535
737,0.043588638,0.00186348,1641863354,1641863354,0.041739941,3.5535
738,0.031367898,0.002740741,1641863354,1641863354,0.028640032,3.5535
739,0.03957808,0.002100348,1641863354,1641863354,0.037489891,3.5535
740,0.040939569,0.001996756,1641863354,1641863354,0.038950205,3.5535
741,0.039715409,0.002131343,1641863354,1641863354,0.037590027,3.5535
742,0.041537404,0.002132773,1641863354,1641863354,0.039410114,3.5535
743,0.040468454,0.002863646,1641863354,1641863354,0.037619829,3.5535
744,0.039904237,0.002028823,1641863354,1641863354,0.037889957,3.5535
745,0.044106364,0.002184272,1641863354,1641863354,0.04192996,3.5535
746,0.039893389,0.002253532,1641863354,1641863354,0.037650108,3.5535
747,0.052637815,0.00215888,1641863354,1641863354,0.050499916,3.5535
748,0.030396461,0.002172947,1641863354,1641863354,0.028229952,3.5535
749,0.044772029,0.00217855,1641863355,1641863354,0.04260993,3.5535
750,0.055279732,0.004480362,1641863355,1641863355,0.050810099,3.5535
751,0.03964901,0.002186537,1641863355,1641863355,0.037469864,3.5535
752,0.051502943,0.002101421,1641863355,1641863355,0.04941988,3.5535
753,0.049925566,0.002787113,1641863355,1641863355,0.047150135,3.5535
754,0.040811419,0.002143025,1641863355,1641863355,0.038679838,3.5535
755,0.037927508,0.002221465,1641863355,1641863355,0.03572011,3.5535
756,0.045869827,0.002153635,1641863355,1641863355,0.043730021,3.5535
757,0.041274786,0.003615856,1641863355,1641863355,0.037669897,3.5535
758,0.044060588,0.002204776,1641863355,1641863355,0.041869879,3.5535
759,0.039537311,0.002214789,1641863355,1641863355,0.037329912,3.5535
760,0.030604005,0.002067685,1641863355,1641863355,0.02854991,3.5535
761,0.041403294,0.002211094,1641863355,1641863355,0.039210081,3.5535
762,0.04036057,0.001996875,1641863355,1641863355,0.038369894,3.5535
763,0.041714787,0.002149463,1641863355,1641863355,0.039580107,3.5535
764,0.04134059,0.002243757,1641863355,1641863355,0.039109945,3.5535
765,0.052280903,0.002225876,1641863355,1641863355,0.050070047,3.5535
766,0.036581755,0.002062082,1641863355,1641863355,0.034529924,3.5535
767,0.0435853,0.002092838,1641863355,1641863355,0.041500092,3.5535
768,0.041039944,0.003967762,1641863355,1641863355,0.03708005,3.5535
769,0.052037001,0.002065659,1641863355,1641863355,0.049990177,3.5535
770,0.040753007,0.002081037,1641863355,1641863355,0.038679838,3.5535
771,0.041355252,0.001869559,1641863355,1641863355,0.039489985,3.5535
772,0.040045381,0.002048612,1641863355,1641863355,0.038009882,3.5535
773,0.039565921,0.002190471,1641863356,1641863355,0.037389994,3.5535
774,0.052065611,0.002121687,1641863356,1641863356,0.049950123,3.5535
775,0.10765183,0.002041221,1641863356,1641863356,0.105629921,3.5535
776,0.040298581,0.00201714,1641863356,1641863356,0.038299799,3.5535
777,0.039242744,0.002113819,1641863356,1641863356,0.037140131,3.5535
778,0.040343046,0.002097607,1641863356,1641863356,0.038259983,3.5535
779,0.032328963,0.002448916,1641863356,1641863356,0.02989006,3.5535
780,0.046762943,0.002893686,1641863356,1641863356,0.043879986,3.5535
781,0.045467615,0.004454374,1641863356,1641863356,0.04102993,3.5535
782,0.030090928,0.002054095,1641863356,1641863356,0.028049946,3.5535
783,0.044802904,0.002071381,1641863356,1641863356,0.04275012,3.5535
784,0.041938066,0.00469923,1641863356,1641863356,0.037250042,3.5535
785,0.05017817,0.002165675,1641863356,1641863356,0.048019886,3.5535
786,0.040143371,0.002834678,1641863356,1641863356,0.037319899,3.5535
787,0.040526509,0.001861691,1641863356,1641863356,0.038680077,3.5535
788,0.030722737,0.002673507,1641863356,1641863356,0.028050184,3.5535
789,0.041933775,0.002199888,1641863356,1641863356,0.039750099,3.5535
790,0.040087819,0.002011657,1641863356,1641863356,0.038079977,3.5535
791,0.040955067,0.002273798,1641863356,1641863356,0.03869009,3.5535
792,0.039766908,0.002510905,1641863356,1641863356,0.037260056,3.5535
793,0.040425539,0.002219439,1641863356,1641863356,0.038230181,3.5535
794,0.041219711,0.002560377,1641863356,1641863356,0.038670063,3.5535
795,0.040194511,0.002649069,1641863356,1641863356,0.037549973,3.5535
796,0.052893162,0.002302885,1641863356,1641863356,0.050600052,3.5535
797,0.039900661,0.002263188,1641863357,1641863356,0.037639856,3.5535
798,0.036256433,0.001989245,1641863357,1641863357,0.034270048,3.5535
799,0.043270707,0.002190709,1641863357,1641863357,0.041090012,3.5535
800,0.040070891,0.003750205,1641863357,1641863357,0.036329985,3.5535
801,0.029337049,0.00156796,1641863357,1641863357,0.027770042,3.5535
802,0.045709252,0.002066255,1641863357,1641863357,0.043659925,3.5535
803,0.055507183,0.004335403,1641863357,1641863357,0.051180124,3.5535
804,0.051386237,0.002050281,1641863357,1641863357,0.049350023,3.5535
805,0.03999567,0.002173424,1641863357,1641863357,0.037829876,3.5535
806,0.039718986,0.002200961,1641863357,1641863357,0.037529945,3.5535
807,0.038663149,0.002176762,1641863357,1641863357,0.036489964,3.5535
808,0.039609194,0.001473427,1641863357,1641863357,0.03813982,3.5535
809,0.040030003,0.00275135,1641863357,1641863357,0.037289858,3.5535
810,0.040103555,0.002254367,1641863357,1641863357,0.037859917,3.5535
811,0.122304201,0.002385855,1641863357,1641863357,0.119930029,3.5535
812,0.054746151,0.002814293,1641863357,1641863357,0.051940203,3.5535
813,0.038397431,0.002152801,1641863357,1641863357,0.036250114,3.5535
814,0.040912867,0.002071142,1641863357,1641863357,0.038850069,3.5535
815,0.043084383,0.002682924,1641863357,1641863357,0.040420055,3.5535
816,0.039548755,0.002189755,1641863357,1641863357,0.037369967,3.5535
817,0.172474384,0.002189636,1641863358,1641863357,0.170300007,3.5535
818,0.055872083,0.002234817,1641863358,1641863358,0.053640127,3.5535
819,0.037702322,0.000899553,1641863358,1641863358,0.03681016,3.5535
820,0.040572405,0.002128124,1641863358,1641863358,0.038450003,3.5535
821,0.039689183,0.00255692,1641863358,1641863358,0.037139893,3.5535
822,0.039696932,0.002081394,1641863358,1641863358,0.037629843,3.5535
823,0.031339169,0.002182007,1641863358,1641863358,0.029170036,3.5535
824,0.045634627,0.002715468,1641863358,1641863358,0.042929888,3.5535
825,0.055290818,0.004565358,1641863358,1641863358,0.050749779,3.5535
826,0.048554778,0.002001643,1641863358,1641863358,0.046559811,3.5535
827,0.038315415,0.002081513,1641863358,1641863358,0.036239862,3.5535
828,0.041023731,0.002187252,1641863358,1641863358,0.038850069,3.5535
829,0.040334225,0.002706766,1641863358,1641863358,0.037640095,3.5535
830,0.031335711,0.00218308,1641863358,1641863358,0.029159784,3.5535
831,0.050035477,0.002423763,1641863358,1641863358,0.047630072,3.5535
832,0.050210238,0.00515461,1641863358,1641863358,0.045059919,3.5535
833,0.040244222,0.002134681,1641863358,1641863358,0.038120031,3.5535
834,0.043269634,0.002011061,1641863358,1641863358,0.041260004,3.5535
835,0.040002346,0.00216794,1641863358,1641863358,0.037850142,3.5535
836,0.039589047,0.00196445,1641863358,1641863358,0.037630081,3.5535
837,0.039494276,0.002412081,1641863358,1641863358,0.037100077,3.5535
838,0.041141152,0.002036929,1641863358,1641863358,0.039120197,3.5535
839,0.039684653,0.002219558,1641863358,1641863358,0.037479877,3.5535
840,0.047996044,0.002009153,1641863359,1641863358,0.046000004,3.5535
841,0.037200332,0.000181556,1641863359,1641863359,0.037029982,3.5535
842,0.032099128,0.00211513,1641863359,1641863359,0.029999971,3.5535
843,0.044526935,0.002589583,1641863359,1641863359,0.041960001,3.5535
844,0.032136679,0.004046917,1641863359,1641863359,0.028100014,3.5535
845,0.043623328,0.002057195,1641863359,1641863359,0.041579962,3.5535
846,0.041515231,0.00408566,1641863359,1641863359,0.037440062,3.5535
847,0.185157418,0.002168775,1641863359,1641863359,0.182999849,3.5535
848,0.043928504,0.002705693,1641863359,1641863359,0.041239977,3.5535
849,0.039475441,0.002266645,1641863359,1641863359,0.037220001,3.5535
850,0.041976929,0.001904249,1641863359,1641863359,0.040079832,3.5535
851,0.039888501,0.002236485,1641863359,1641863359,0.037669897,3.5535
852,0.039512753,0.00222981,1641863359,1641863359,0.037299871,3.5535
853,0.0303092,0.002081156,1641863359,1641863359,0.028239965,3.5535
854,0.046634078,0.002031207,1641863359,1641863359,0.044610023,3.5535
855,0.041569114,0.004098058,1641863359,1641863359,0.037490129,3.5535
856,0.04117322,0.002191544,1641863359,1641863359,0.039000034,3.5535
857,0.037110925,0.002666354,1641863359,1641863359,0.034450054,3.5535
858,0.042816043,0.002200007,1641863359,1641863359,0.040629864,3.5535
859,0.041203856,0.003781438,1641863359,1641863359,0.037430048,3.5535
860,0.030247808,0.002156854,1641863359,1641863359,0.028100014,3.5535
861,0.042702675,0.00201273,1641863359,1641863359,0.040700197,3.5535
862,0.044516802,0.004282713,1641863359,1641863359,0.040250063,3.5535
863,0.039414883,0.002032995,1641863360,1641863359,0.037389994,3.5535
864,0.128598928,0.002004385,1641863360,1641863360,0.126599789,3.5535
865,0.046930552,0.00207448,1641863360,1641863360,0.044870138,3.5535
866,0.039672375,0.002150536,1641863360,1641863360,0.037530184,3.5535
867,0.041743875,0.002152085,1641863360,1641863360,0.039600134,3.5535
868,0.044637084,0.002746463,1641863360,1641863360,0.041900158,3.5535
869,0.039901853,0.002127767,1641863360,1641863360,0.03779006,3.5535
870,0.038563251,0.002212524,1641863360,1641863360,0.036360025,3.5535
871,0.043280363,0.002183914,1641863360,1641863360,0.041110039,3.5535
872,0.04692173,0.003645182,1641863360,1641863360,0.0432899,3.5535
873,0.04033637,0.001947403,1641863360,1641863360,0.038399935,3.5535
874,0.040087461,0.002031326,1641863360,1641863360,0.038070202,3.5535
875,0.039349318,0.001955509,1641863360,1641863360,0.037400007,3.5535
876,0.039966345,0.002060652,1641863360,1641863360,0.037919998,3.5535
877,0.039257169,0.002098203,1641863360,1641863360,0.037169933,3.5535
878,0.041036487,0.001903653,1641863360,1641863360,0.03915,3.5535
879,0.054434657,0.00258863,1641863360,1641863360,0.051859856,3.5535
880,0.046309948,0.00224328,1641863360,1641863360,0.044080019,3.5535
881,0.04011929,0.002209067,1641863360,1641863360,0.037929773,3.5535
882,0.039442182,0.002102971,1641863360,1641863360,0.037349939,3.5535
883,0.031293392,0.002225876,1641863360,1641863360,0.029079914,3.5535
884,0.045141339,0.002319217,1641863360,1641863360,0.04282999,3.5535
885,0.042378902,0.004303694,1641863361,1641863360,0.038079977,3.5535
886,0.039767385,0.002233148,1641863361,1641863361,0.037539959,3.5535
887,0.043518305,0.002095938,1641863361,1641863361,0.041429996,3.5535
888,0.052242517,0.001984835,1641863361,1641863361,0.050279856,3.5535
889,0.039921284,0.002222776,1641863361,1641863361,0.037709951,3.5535
890,0.041901946,0.00217402,1641863361,1641863361,0.039739847,3.5535
891,0.042715192,0.002891183,1641863361,1641863361,0.039829969,3.5535
892,0.039689541,0.002225161,1641863361,1641863361,0.037469864,3.5535
893,0.044002652,0.002136588,1641863361,1641863361,0.041870117,3.5535
894,0.16024971,0.002182484,1641863361,1641863361,0.158080101,3.5535
895,0.049873948,0.002111554,1641863361,1641863361,0.047780037,3.5535
896,0.030380726,0.002157688,1641863361,1641863361,0.028229952,3.5535
897,0.045963168,0.002050996,1641863361,1641863361,0.04392004,3.5535
898,0.04208374,0.004222393,1641863361,1641863361,0.037870169,3.5535
899,0.052801371,0.00208497,1641863361,1641863361,0.050740004,3.5535
900,0.047461271,0.002160072,1641863361,1641863361,0.04531002,3.5535
901,0.040168881,0.002169967,1641863361,1641863361,0.038000107,3.5535
902,0.04168129,0.002223492,1641863361,1641863361,0.039469957,3.5535
903,0.040035129,0.002582431,1641863361,1641863361,0.03745985,3.5535
904,0.040762901,0.002160549,1641863361,1641863361,0.038619995,3.5535
905,0.039160728,0.002821684,1641863361,1641863361,0.036350012,3.5535
906,0.041085362,0.002198339,1641863361,1641863361,0.038900137,3.5535
907,0.042270422,0.002776146,1641863362,1641863361,0.039499998,3.5535
908,0.040945649,0.002886653,1641863362,1641863362,0.038069963,3.5535
909,0.040063262,0.002097249,1641863362,1641863362,0.03798008,3.5535
910,0.039926529,0.002564192,1641863362,1641863362,0.037369967,3.5535
911,0.050110221,0.002128243,1641863362,1641863362,0.047990084,3.5535
912,0.040132046,0.002712011,1641863362,1641863362,0.037430048,3.5535
913,0.041776657,0.002185106,1641863362,1641863362,0.039600134,3.5535
914,0.040106416,0.002758384,1641863362,1641863362,0.037359953,3.5535
915,0.137351632,0.001994014,1641863362,1641863362,0.135370016,3.5535
916,0.046895266,0.002001524,1641863362,1641863362,0.044909954,3.5535
917,0.042084575,0.002091527,1641863362,1641863362,0.039999962,3.5535
918,0.030643463,0.002081394,1641863362,1641863362,0.028569937,3.5535
919,0.049816847,0.002059937,1641863362,1641863362,0.047780037,3.5535
920,0.04253912,0.005014181,1641863362,1641863362,0.037529945,3.5535
921,0.049249411,0.002143621,1641863362,1641863362,0.047120094,3.5535
922,0.054341555,0.002044916,1641863362,1641863362,0.05230999,3.5535
923,0.040174127,0.002113223,1641863362,1641863362,0.038069963,3.5535
924,0.043825746,0.002119422,1641863362,1641863362,0.0417099,3.5535
925,0.040381193,0.002105236,1641863362,1641863362,0.03828001,3.5535
926,0.043914318,0.00213623,1641863362,1641863362,0.041790009,3.5535
927,0.039911866,0.001926541,1641863362,1641863362,0.037990093,3.5535
928,0.037653804,0.002152801,1641863362,1641863362,0.035510063,3.5535
929,0.044463873,0.002280235,1641863363,1641863362,0.042190075,3.5535
930,0.041918397,0.003897548,1641863363,1641863363,0.038029909,3.5535
931,0.04295516,0.002178192,1641863363,1641863363,0.040780067,3.5535
932,0.050065398,0.002201915,1641863363,1641863363,0.047870159,3.5535
933,0.039824247,0.002131701,1641863363,1641863363,0.037700176,3.5535
934,0.134950757,0.002122045,1641863363,1641863363,0.132840157,3.5535
935,0.053409934,0.002319455,1641863363,1641863363,0.051099777,3.5535
936,0.040216208,0.002120018,1641863363,1641863363,0.038110018,3.5535
937,0.040489554,0.002094388,1641863363,1641863363,0.038399935,3.5535
938,0.039954662,0.002128124,1641863363,1641863363,0.03783989,3.5535
939,0.040130019,0.001815677,1641863363,1641863363,0.038320065,3.5535
940,0.040301919,0.002166152,1641863363,1641863363,0.038140059,3.5535
941,0.039910316,0.002230883,1641863363,1641863363,0.037689924,3.5535
942,0.041337132,0.002183318,1641863363,1641863363,0.039160013,3.5535
943,0.040672421,0.002681375,1641863363,1641863363,0.038009882,3.5535
944,0.045154452,0.002131581,1641863363,1641863363,0.043030024,3.5535
945,0.041300416,0.002171874,1641863363,1641863363,0.039139986,3.5535
946,0.044142604,0.002158761,1641863363,1641863363,0.041999817,3.5535
947,0.040325165,0.002169609,1641863363,1641863363,0.038160086,3.5535
948,0.034714222,0.002254725,1641863363,1641863363,0.032469988,3.5535
949,0.042118311,0.002128839,1641863363,1641863363,0.039999962,3.5535
950,0.043664575,0.003106236,1641863363,1641863363,0.040559769,3.5535
951,0.03085196,0.002274394,1641863364,1641863363,0.028580189,3.5535
952,0.046096563,0.002199173,1641863364,1641863364,0.043910027,3.5535
953,0.05589664,0.004633307,1641863364,1641863364,0.051270008,3.5535
954,0.043628454,0.002224207,1641863364,1641863364,0.041419983,3.5535
955,0.030436277,0.002161026,1641863364,1641863364,0.028290033,3.5535
956,0.045620561,0.002150655,1641863364,1641863364,0.043479919,3.5535
957,0.042363524,0.00452292,1641863364,1641863364,0.037859917,3.5535
958,0.039936781,0.002201557,1641863364,1641863364,0.037739992,3.5535
959,0.040018082,0.002300978,1641863364,1641863364,0.037719965,3.5535
960,0.041025877,0.002053738,1641863364,1641863364,0.038980007,3.5535
961,0.039629579,0.002119184,1641863364,1641863364,0.037519932,3.5535
962,0.040156007,0.002091527,1641863364,1641863364,0.038070202,3.5535
963,0.051518083,0.002417207,1641863364,1641863364,0.049109936,3.5535
964,0.037884831,0.002895236,1641863364,1641863364,0.034999847,3.5535
965,0.053462863,0.002181649,1641863364,1641863364,0.051289797,3.5535
966,0.043873429,0.004128337,1641863364,1641863364,0.039749861,3.5535
967,0.048090219,0.002179861,1641863364,1641863364,0.045919895,3.5535
968,0.043944716,0.002204537,1641863364,1641863364,0.041749954,3.5535
969,0.039292455,0.002003789,1641863364,1641863364,0.03730011,3.5535
970,0.030465126,0.002028704,1641863364,1641863364,0.028450012,3.5535
971,0.048734069,0.002045989,1641863364,1641863364,0.046700001,3.5535
972,0.04391253,0.006078362,1641863364,1641863364,0.03783989,3.5535
973,0.053629279,0.002062678,1641863364,1641863364,0.051579952,3.5535
974,0.04154563,0.003069639,1641863364,1641863364,0.038490057,3.5535
975,0.041101336,0.002155185,1641863365,1641863364,0.03895998,3.5535
976,0.039691567,0.002284646,1641863365,1641863365,0.037420034,3.5535
977,0.041288376,0.002106428,1641863365,1641863365,0.039190054,3.5535
978,0.040264726,0.002810121,1641863365,1641863365,0.037469864,3.5535
979,0.039864421,0.002177358,1641863365,1641863365,0.037700176,3.5535
980,0.048091888,0.002080202,1641863365,1641863365,0.046019793,3.5535
981,0.041198611,0.002480149,1641863365,1641863365,0.038729906,3.5535
982,0.039789915,0.002221346,1641863365,1641863365,0.03757,3.5535
983,0.048541307,0.002077579,1641863365,1641863365,0.046470165,3.5535
984,0.041502237,0.002056122,1641863365,1641863365,0.039459944,3.5535
985,0.039265156,0.001915693,1641863365,1641863365,0.037359953,3.5535
986,0.043673873,0.002130628,1641863365,1641863365,0.041549921,3.5535
987,0.052228093,0.002031922,1641863365,1641863365,0.050209999,3.5535
988,0.049910665,0.002131104,1641863365,1641863365,0.047790051,3.5535
989,0.039842367,0.002151728,1641863365,1641863365,0.037699938,3.5535
990,0.040513396,0.002096534,1641863365,1641863365,0.038429976,3.5535
991,0.041742682,0.00243628,1641863365,1641863365,0.039309978,3.5535
992,0.041052938,0.002774119,1641863365,1641863365,0.038290024,3.5535
993,0.050974727,0.002012849,1641863365,1641863365,0.048969984,3.5535
994,0.039939046,0.002046704,1641863365,1641863365,0.037899971,3.5535
995,0.043690205,0.002198935,1641863365,1641863365,0.041499853,3.5535
996,0.040443301,0.002911448,1641863365,1641863365,0.037539959,3.5535
997,0.04092586,0.002096772,1641863365,1641863365,0.038830042,3.5535
998,0.040984154,0.002512455,1641863365,1641863365,0.038480043,3.5535
999,0.043801785,0.001950264,1641863366,1641863365,0.041860104,3.5535
1000,0.052894592,0.001937151,1641863366,1641863366,0.050979853,3.5535
1001,0.040436506,0.002209425,1641863366,1641863366,0.038239956,3.5535
1002,0.040821552,0.002339363,1641863366,1641863366,0.038499832,3.5535
1003,0.039739013,0.002255321,1641863366,1641863366,0.037489891,3.5535
1004,0.041776538,0.002106071,1641863366,1641863366,0.039680004,3.5535
1005,0.041732073,0.002627134,1641863366,1641863366,0.039119959,3.5535
1006,0.043827176,0.002214789,1641863366,1641863366,0.041620016,3.5535
1007,0.046650052,0.002066731,1641863366,1641863366,0.044589996,3.5535
1008,0.039648533,0.002035379,1641863366,1641863366,0.037629843,3.5535
1009,0.039514065,0.00206542,1641863366,1641863366,0.037460089,3.5535
1010,0.041334987,0.002018809,1641863366,1641863366,0.039330006,3.5535
