frame,time,offset,recv time,send,the,raw,time_2
1,0.178857803,0,1641997153,1641997153,0.128869963,3.5535,0.181857803
2,0.08463347,0.052856088,1641997153,1641997153,0.087509823,3.5535,0.08763347
3,0.072242022,0.052022457,1641997153,1641997153,0.074269962,3.5535,0.075242022
4,0.099847376,0.052763879,1641997153,1641997153,0.102630091,3.5535,0.102847376
5,0.071487506,0.05386893,1641997153,1641997153,0.075370026,3.5535,0.074487506
6,0.089269578,0.053569376,1641997153,1641997153,0.092849922,3.5535,0.092269578
7,0.091068316,0.053645325,1641997154,1641997153,0.094719839,3.5535,0.094068316
8,0.107595146,0.053883135,1641997154,1641997153,0.111489964,3.5535,0.110595146
9,0.08025275,0.05452432,1641997154,1641997154,0.084790182,3.5535,0.08325275
10,0.089054272,0.054596737,1641997154,1641997154,0.093670082,3.5535,0.092054272
11,0.078556365,0.055123025,1641997154,1641997154,0.08368988,3.5535,0.081556365
12,0.108055019,0.055104828,1641997154,1641997154,0.113169861,3.5535,0.111055019
13,0.085264455,0.055518139,1641997154,1641997154,0.090799999,3.5535,0.088264455
14,0.083504419,0.0553508,1641997154,1641997154,0.088870001,3.5535,0.086504419
15,0.078290279,0.055214588,1641997154,1641997154,0.083510113,3.5535,0.081290279
16,0.08871328,0.055176624,1641997154,1641997154,0.093900156,3.5535,0.09171328
17,0.067493669,0.0554576,1641997154,1641997154,0.072960091,3.5535,0.070493669
18,0.097883545,0.055426516,1641997155,1641997154,0.103320074,3.5535,0.100883545
19,0.076828739,0.055345276,1641997155,1641997155,0.082179976,3.5535,0.079828739
20,0.106838564,0.055268427,1641997155,1641997155,0.112119865,3.5535,0.109838564
21,0.076742386,0.055490042,1641997155,1641997155,0.082240057,3.5535,0.079742386
22,0.097865134,0.055407971,1641997155,1641997155,0.10328002,3.5535,0.100865134
23,0.077275736,0.055598038,1641997155,1641997155,0.082879972,3.5535,0.080275736
24,0.088008555,0.05552682,1641997155,1641997155,0.093540144,3.5535,0.091008555
25,0.078969085,0.055689252,1641997155,1641997155,0.084660006,3.5535,0.081969085
26,0.070022081,0.055657888,1641997155,1641997155,0.075689983,3.5535,0.073022081
27,0.084392805,0.055595379,1641997155,1641997155,0.090000105,3.5535,0.087392805
28,0.087670024,0.055645053,1641997155,1641997155,0.093330097,3.5535,0.090670024
29,0.087501058,0.055786601,1641997156,1641997155,0.093290043,3.5535,0.090501058
30,0.077181893,0.055762214,1641997156,1641997156,0.082960081,3.5535,0.080181893
31,0.07706451,0.055701498,1641997156,1641997156,0.082770061,3.5535,0.08006451
32,0.077882361,0.05564611,1641997156,1641997156,0.083539915,3.5535,0.080882361
33,0.07705019,0.055761118,1641997156,1641997156,0.082829905,3.5535,0.08005019
34,0.08703747,0.055706117,1641997156,1641997156,0.092760038,3.5535,0.09003747
35,0.088486603,0.055657217,1641997156,1641997156,0.094160032,3.5535,0.091486603
36,0.081750887,0.055737239,1641997156,1641997156,0.087490034,3.5535,0.084750887
37,0.101617047,0.055773309,1641997156,1641997156,0.107399893,3.5535,0.104617047
38,0.075945427,0.055806587,1641997156,1641997156,0.08176012,3.5535,0.078945427
39,0.088771743,0.055751401,1641997156,1641997156,0.094540071,3.5535,0.091771743
40,0.098717316,0.055851356,1641997157,1641997156,0.104580116,3.5535,0.101717316
41,0.074599798,0.055821841,1641997157,1641997157,0.080429983,3.5535,0.077599798
42,0.083914733,0.055774951,1641997157,1641997157,0.089699936,3.5535,0.086914733
43,0.064696216,0.055829383,1641997157,1641997157,0.07052989,3.5535,0.067696216
44,0.08293732,0.055779139,1641997157,1641997157,0.088730049,3.5535,0.08593732
45,0.08538084,0.05571909,1641997157,1641997157,0.091109943,3.5535,0.08838084
46,0.272298686,0.055777439,1641997157,1641997157,0.278079939,3.5535,0.275298686
47,0.075550259,0.055831491,1641997157,1641997157,0.081390095,3.5535,0.078550259
48,0.096349366,0.055782668,1641997157,1641997157,0.102139902,3.5535,0.099349366
49,0.07412549,0.055863657,1641997158,1641997157,0.080000114,3.5535,0.07712549
50,0.094948369,0.055910033,1641997158,1641997158,0.100869846,3.5535,0.097948369
51,0.074746336,0.055880104,1641997158,1641997158,0.08064003,3.5535,0.077746336
52,0.08805377,0.055833035,1641997158,1641997158,0.093900156,3.5535,0.09105377
53,0.265753031,0.055911064,1641997158,1641997158,0.271670055,3.5535,0.268753031
54,0.084703647,0.055959977,1641997158,1641997158,0.090669823,3.5535,0.087703647
55,0.089338779,0.056000471,1641997158,1641997158,0.095349979,3.5535,0.092338779
56,0.085462091,0.05598736,1641997158,1641997158,0.09146018,3.5535,0.088462091
57,0.095377603,0.056028685,1641997158,1641997158,0.101410103,3.5535,0.098377603
58,0.087686094,0.056010691,1641997159,1641997158,0.093710136,3.5535,0.090686094
59,0.094885699,0.055973181,1641997159,1641997159,0.100870085,3.5535,0.097885699
60,0.06491792,0.056034925,1641997159,1641997159,0.070970011,3.5535,0.06791792
61,0.070848948,0.055994743,1641997159,1641997159,0.076859903,3.5535,0.073848948
62,0.077219286,0.056011162,1641997159,1641997159,0.083239985,3.5535,0.080219286
63,0.07763701,0.055995888,1641997159,1641997159,0.083640051,3.5535,0.08063701
64,0.095103052,0.055979225,1641997159,1641997159,0.10109992,3.5535,0.098103052
65,0.074667176,0.056038896,1641997159,1641997159,0.0807199,3.5535,0.077667176
66,0.082036521,0.056003068,1641997159,1641997159,0.088049841,3.5535,0.085036521
67,0.0865742,0.055985805,1641997159,1641997159,0.092570019,3.5535,0.0895742
68,0.075317417,0.056038584,1641997159,1641997159,0.081370068,3.5535,0.078317417
69,0.087094985,0.056002654,1641997160,1641997159,0.093110037,3.5535,0.090094985
70,0.075283044,0.056048639,1641997160,1641997160,0.081360054,3.5535,0.078283044
71,0.105701963,0.056012352,1641997160,1641997160,0.111730051,3.5535,0.108701963
72,0.052986704,0.056061425,1641997160,1641997160,0.059060049,3.5535,0.055986704
73,0.076073094,0.05601366,1641997160,1641997160,0.08210988,3.5535,0.079073094
74,0.088729645,0.055987333,1641997160,1641997160,0.094730091,3.5535,0.091729645
75,0.077975446,0.056038445,1641997160,1641997160,0.084030104,3.5535,0.080975446
76,0.086761813,0.056022544,1641997160,1641997160,0.092789841,3.5535,0.089761813
77,0.096675448,0.056067653,1641997160,1641997160,0.102750015,3.5535,0.099675448
78,0.073514029,0.056032614,1641997160,1641997160,0.079559994,3.5535,0.076514029
79,0.07732507,0.055995977,1641997160,1641997160,0.083329868,3.5535,0.08032507
80,0.093071166,0.055980501,1641997161,1641997160,0.099070024,3.5535,0.096071166
81,0.088179723,0.055989846,1641997161,1641997160,0.094180059,3.5535,0.091179723
82,0.086154555,0.056039001,1641997161,1641997161,0.092210007,3.5535,0.089154555
83,0.089298881,0.056066119,1641997161,1641997161,0.09538002,3.5535,0.092298881
84,0.088244716,0.056110343,1641997161,1641997161,0.094360065,3.5535,0.091244716
85,0.086003935,0.056142175,1641997161,1641997161,0.092150164,3.5535,0.089003935
86,0.093202256,0.05618415,1641997161,1641997161,0.099399996,3.5535,0.096202256
87,0.09708379,0.056220071,1641997161,1641997161,0.103320074,3.5535,0.10008379
88,0.083192016,0.056194638,1641997161,1641997161,0.089400005,3.5535,0.086192016
89,0.078456067,0.056168414,1641997161,1641997161,0.084639978,3.5535,0.081456067
90,0.07591113,0.056152497,1641997161,1641997161,0.082070065,3.5535,0.07891113
91,0.08803135,0.05612606,1641997162,1641997161,0.094170046,3.5535,0.09103135
92,0.08938139,0.05615694,1641997162,1641997162,0.095550013,3.5535,0.09238139
93,0.095052685,0.056197677,1641997162,1641997162,0.101270151,3.5535,0.098052685
94,0.073951474,0.056222448,1641997162,1641997162,0.08018012,3.5535,0.076951474
95,0.080031085,0.056192708,1641997162,1641997162,0.086240005,3.5535,0.083031085
96,0.083724976,0.056177855,1641997162,1641997162,0.089909983,3.5535,0.086724976
97,0.089225543,0.056200492,1641997162,1641997162,0.095430088,3.5535,0.092225543
98,0.075339186,0.056197775,1641997162,1641997162,0.08154006,3.5535,0.078339186
99,0.105743532,0.056172247,1641997162,1641997162,0.111929846,3.5535,0.108743532
100,0.076188322,0.056205276,1641997162,1641997162,0.082400036,3.5535,0.079188322
101,0.075531966,0.05618214,1641997162,1641997162,0.08173008,3.5535,0.078531966
102,0.078017701,0.056163083,1641997163,1641997162,0.084189844,3.5535,0.081017701
103,0.087983552,0.056151208,1641997163,1641997163,0.094150019,3.5535,0.090983552
104,0.081457075,0.05618364,1641997163,1641997163,0.087650013,3.5535,0.084457075
105,0.101836691,0.056200972,1641997163,1641997163,0.108059835,3.5535,0.104836691
106,0.076317567,0.056185704,1641997163,1641997163,0.08251996,3.5535,0.079317567
107,0.07647207,0.056165431,1641997163,1641997163,0.082649899,3.5535,0.07947207
108,0.088575386,0.056132294,1641997163,1641997163,0.094720078,3.5535,0.091575386
109,0.106654606,0.056163587,1641997163,1641997163,0.112829876,3.5535,0.109654606
110,0.067618861,0.056196437,1641997163,1641997163,0.073820066,3.5535,0.070618861
111,0.084757408,0.056163708,1641997163,1641997163,0.090940189,3.5535,0.087757408
112,0.087446407,0.056184098,1641997164,1641997163,0.093639803,3.5535,0.090446407
113,0.08511232,0.056213153,1641997164,1641997163,0.091330004,3.5535,0.08811232
114,0.075153251,0.056232314,1641997164,1641997164,0.08139987,3.5535,0.078153251
115,0.064350603,0.056249859,1641997164,1641997164,0.070599985,3.5535,0.067350603
116,0.085510879,0.056230873,1641997164,1641997164,0.091770124,3.5535,0.088510879
117,0.0929543,0.056256869,1641997164,1641997164,0.09921999,3.5535,0.0959543
118,0.074500111,0.056235764,1641997164,1641997164,0.080749941,3.5535,0.077500111
119,0.084884003,0.056214258,1641997164,1641997164,0.091109943,3.5535,0.087884003
120,0.077307895,0.056201741,1641997164,1641997164,0.083519888,3.5535,0.080307895
121,0.086936214,0.056189797,1641997164,1641997164,0.093140078,3.5535,0.089936214
122,0.063242431,0.056218628,1641997164,1641997164,0.069470119,3.5535,0.066242431
123,0.08598346,0.056195314,1641997164,1641997164,0.09218998,3.5535,0.08898346
124,0.085137464,0.05622115,1641997165,1641997164,0.091370058,3.5535,0.088137464
125,0.067959119,0.056200694,1641997165,1641997165,0.074160051,3.5535,0.070959119
126,0.083877981,0.05619508,1641997165,1641997165,0.090079975,3.5535,0.086877981
127,0.087762053,0.056177204,1641997165,1641997165,0.093949986,3.5535,0.090762053
128,0.091521943,0.056203877,1641997165,1641997165,0.097730112,3.5535,0.094521943
129,0.092520642,0.056181026,1641997165,1641997165,0.098720026,3.5535,0.095520642
130,0.07577125,0.056154571,1641997165,1641997165,0.081939888,3.5535,0.07877125
131,0.077896934,0.056135792,1641997165,1641997165,0.084049892,3.5535,0.080896934
132,0.083591453,0.056121834,1641997165,1641997165,0.089719963,3.5535,0.086591453
133,0.084204169,0.056129007,1641997165,1641997165,0.090339851,3.5535,0.087204169
134,0.08685917,0.056146678,1641997165,1641997165,0.093020153,3.5535,0.08985917
135,0.082998511,0.056136134,1641997166,1641997165,0.089150143,3.5535,0.085998511
136,0.087860603,0.056141596,1641997166,1641997166,0.094009829,3.5535,0.090860603
137,0.103779074,0.05616856,1641997166,1641997166,0.109959793,3.5535,0.106779074
138,0.076568016,0.056182495,1641997166,1641997166,0.082760048,3.5535,0.079568016
139,0.07594616,0.056165867,1641997166,1641997166,0.082120132,3.5535,0.07894616
140,0.106656645,0.056150105,1641997166,1641997166,0.112810087,3.5535,0.109656645
141,0.084708666,0.056174303,1641997166,1641997166,0.090889883,3.5535,0.087708666
142,0.063251704,0.056155473,1641997166,1641997166,0.069410038,3.5535,0.066251704
143,0.065468999,0.056136159,1641997166,1641997166,0.071609926,3.5535,0.068468999
144,0.096589744,0.056122363,1641997166,1641997166,0.102729988,3.5535,0.099589744
145,0.094934078,0.056106953,1641997166,1641997166,0.101049852,3.5535,0.097934078
146,0.098097966,0.05609329,1641997167,1641997166,0.104200077,3.5535,0.101097966
147,0.090047876,0.056086501,1641997167,1641997167,0.096150112,3.5535,0.093047876
148,0.076544268,0.056111114,1641997167,1641997167,0.082669926,3.5535,0.079544268
149,0.095596182,0.056097162,1641997167,1641997167,0.101710033,3.5535,0.098596182
150,0.078605132,0.056119485,1641997167,1641997167,0.084740114,3.5535,0.081605132
151,0.088256332,0.056109456,1641997167,1641997167,0.094370079,3.5535,0.091256332
152,0.110440393,0.05613027,1641997167,1641997167,0.116589975,3.5535,0.113440393
153,0.076026583,0.056152915,1641997167,1641997167,0.082189989,3.5535,0.079026583
154,0.08777107,0.056137192,1641997167,1641997167,0.093929958,3.5535,0.09077107
155,0.089214288,0.056157626,1641997167,1641997167,0.09538002,3.5535,0.092214288
156,0.088159234,0.056181758,1641997168,1641997167,0.094359827,3.5535,0.091159234
157,0.06732658,0.056204524,1641997168,1641997167,0.073540163,3.5535,0.07032658
158,0.092779043,0.056197045,1641997168,1641997168,0.098989916,3.5535,0.095779043
159,0.076769937,0.056201827,1641997168,1641997168,0.082980108,3.5535,0.079769937
160,0.075967964,0.056186262,1641997168,1641997168,0.082159948,3.5535,0.078967964
161,0.088026559,0.056172813,1641997168,1641997168,0.094209862,3.5535,0.091026559
162,0.079127708,0.056193909,1641997168,1641997168,0.085329962,3.5535,0.082127708
163,0.082265787,0.056185551,1641997168,1641997168,0.088469934,3.5535,0.085265787
164,0.086066859,0.056190116,1641997168,1641997168,0.092280102,3.5535,0.089066859
165,0.086439555,0.056202943,1641997168,1641997168,0.092649889,3.5535,0.089439555
166,0.094440009,0.056224082,1641997168,1641997168,0.100670052,3.5535,0.097440009
167,0.091338805,0.056228467,1641997169,1641997168,0.097580147,3.5535,0.094338805
168,0.082592559,0.056239533,1641997169,1641997168,0.088840199,3.5535,0.085592559
169,0.087956572,0.056243515,1641997169,1641997169,0.094209862,3.5535,0.090956572
170,0.088242663,0.056263315,1641997169,1641997169,0.094520044,3.5535,0.091242663
171,0.079617765,0.056252215,1641997169,1641997169,0.085879993,3.5535,0.082617765
172,0.101633598,0.056245278,1641997169,1641997169,0.107890081,3.5535,0.104633598
173,0.087449788,0.056249619,1641997169,1641997169,0.093709898,3.5535,0.090449788
174,0.087464857,0.056233597,1641997169,1641997169,0.093709898,3.5535,0.090464857
175,0.088576245,0.056251121,1641997169,1641997169,0.094840002,3.5535,0.091576245
176,0.270462433,0.05627211,1641997170,1641997169,0.276749802,3.5535,0.273462433
177,0.076662179,0.056263569,1641997170,1641997170,0.082940054,3.5535,0.079662179
178,0.076866784,0.056250892,1641997170,1641997170,0.083130074,3.5535,0.079866784
179,0.064575886,0.056238914,1641997170,1641997170,0.070830059,3.5535,0.067575886
180,0.080693911,0.056227018,1641997170,1641997170,0.086929989,3.5535,0.083693911
181,0.087547043,0.056216023,1641997170,1641997170,0.093769979,3.5535,0.090547043
182,0.099414813,0.056233657,1641997170,1641997170,0.105659914,3.5535,0.102414813
183,0.074785355,0.056226369,1641997170,1641997170,0.081029844,3.5535,0.077785355
184,0.088022224,0.056211241,1641997170,1641997170,0.094239902,3.5535,0.091022224
185,0.089714452,0.056228951,1641997170,1641997170,0.095950079,3.5535,0.092714452
186,0.087664524,0.056249222,1641997170,1641997170,0.093919945,3.5535,0.090664524
187,0.088947221,0.05626686,1641997171,1641997170,0.095230055,3.5535,0.091947221
188,0.089271236,0.056260419,1641997171,1641997171,0.095550013,3.5535,0.092271236
189,0.087801314,0.05625286,1641997171,1641997171,0.094060135,3.5535,0.090801314
190,0.085257022,0.056271108,1641997171,1641997171,0.091540051,3.5535,0.088257022
191,0.080810355,0.05626507,1641997171,1641997171,0.087089968,3.5535,0.083810355
192,0.095092798,0.0562577,1641997171,1641997171,0.101370049,3.5535,0.098092798
193,0.092305015,0.056249787,1641997171,1641997171,0.098570061,3.5535,0.095305015
194,0.060639175,0.05623099,1641997171,1641997171,0.06687994,3.5535,0.063639175
195,0.075991336,0.056212958,1641997171,1641997171,0.082219791,3.5535,0.078991336
196,0.087193001,0.056201231,1641997171,1641997171,0.093409967,3.5535,0.090193001
197,0.086529174,0.056218228,1641997171,1641997171,0.0927598,3.5535,0.089529174
198,0.110220556,0.056229706,1641997172,1641997171,0.116460037,3.5535,0.113220556
199,0.075296777,0.056246144,1641997172,1641997172,0.081559849,3.5535,0.078296777
200,0.073719689,0.05622845,1641997172,1641997172,0.07996006,3.5535,0.076719689
201,0.076235021,0.056240117,1641997172,1641997172,0.082490158,3.5535,0.079235021
202,0.077988176,0.056229563,1641997172,1641997172,0.084229898,3.5535,0.080988176
203,0.082781333,0.056245785,1641997172,1641997172,0.08902998,3.5535,0.085781333
204,0.088468735,0.056249435,1641997172,1641997172,0.094730091,3.5535,0.091468735
205,0.099485248,0.056267888,1641997172,1641997172,0.105770063,3.5535,0.102485248
206,0.07575842,0.056262053,1641997172,1641997172,0.08203001,3.5535,0.07875842
207,0.088057655,0.05624972,1641997172,1641997172,0.094320011,3.5535,0.091057655
208,0.088108604,0.056263859,1641997173,1641997172,0.094380093,3.5535,0.091108604
209,0.076910525,0.056279868,1641997173,1641997172,0.083200169,3.5535,0.079910525
210,0.088164903,0.056273126,1641997173,1641997173,0.094450188,3.5535,0.091164903
211,0.07709322,0.056289815,1641997173,1641997173,0.083399963,3.5535,0.08009322
212,0.078541047,0.056283467,1641997173,1641997173,0.084829998,3.5535,0.081541047
213,0.082369739,0.056277817,1641997173,1641997173,0.08864994,3.5535,0.085369739
214,0.086429775,0.056266844,1641997173,1641997173,0.09270997,3.5535,0.089429775
215,0.08885799,0.05627622,1641997173,1641997173,0.095139933,3.5535,0.09185799
216,0.087688139,0.05629141,1641997173,1641997173,0.09399004,3.5535,0.090688139
217,0.098444125,0.056306222,1641997173,1641997173,0.104760122,3.5535,0.101444125
218,0.082700887,0.056299529,1641997173,1641997173,0.089020205,3.5535,0.085700887
219,0.085030971,0.056288542,1641997174,1641997173,0.091330004,3.5535,0.088030971
220,0.096478151,0.056282593,1641997174,1641997173,0.102780056,3.5535,0.099478151
221,0.078461157,0.056276334,1641997174,1641997174,0.084750128,3.5535,0.081461157
222,0.089211084,0.056270741,1641997174,1641997174,0.095500183,3.5535,0.092211084
223,0.075485873,0.056284499,1641997174,1641997174,0.081779909,3.5535,0.078485873
224,0.088563435,0.056274183,1641997174,1641997174,0.094850016,3.5535,0.091563435
225,0.086113506,0.05628962,1641997174,1641997174,0.092419815,3.5535,0.089113506
226,0.074755442,0.056305397,1641997174,1641997174,0.081069899,3.5535,0.077755442
227,0.085259614,0.056295457,1641997174,1641997174,0.091569853,3.5535,0.088259614
228,0.085398558,0.056303617,1641997174,1641997174,0.091710043,3.5535,0.088398558
229,0.09214541,0.056319031,1641997174,1641997174,0.098479939,3.5535,0.09514541
230,0.100106687,0.05631116,1641997175,1641997174,0.106430006,3.5535,0.103106687
231,0.07874205,0.056326844,1641997175,1641997175,0.085080099,3.5535,0.08174205
232,0.074482673,0.056321627,1641997175,1641997175,0.080820036,3.5535,0.077482673
233,0.078802905,0.056312003,1641997175,1641997175,0.085129929,3.5535,0.081802905
234,0.105350247,0.056307325,1641997175,1641997175,0.11166997,3.5535,0.108350247
235,0.075606525,0.056320012,1641997175,1641997175,0.081940126,3.5535,0.078606525
236,0.087971691,0.056309696,1641997175,1641997175,0.09428997,3.5535,0.090971691
237,0.064119868,0.056323477,1641997175,1641997175,0.07045002,3.5535,0.067119868
238,0.086737126,0.056310922,1641997175,1641997175,0.093059969,3.5535,0.089737126
239,0.064981311,0.056305796,1641997175,1641997175,0.071289968,3.5535,0.067981311
240,0.076263822,0.056296431,1641997175,1641997175,0.082580042,3.5535,0.079263822
241,0.076013198,0.056286702,1641997176,1641997175,0.082309914,3.5535,0.079013198
242,0.074132274,0.056277682,1641997176,1641997175,0.08045001,3.5535,0.077132274
243,0.0804185,0.056286898,1641997176,1641997176,0.086719942,3.5535,0.0834185
244,0.266556567,0.056288892,1641997176,1641997176,0.272850227,3.5535,0.269556567
245,0.094795103,0.056274061,1641997176,1641997176,0.101080132,3.5535,0.097795103
246,0.082952263,0.056280849,1641997176,1641997176,0.08925004,3.5535,0.085952263
247,0.087028999,0.056271058,1641997176,1641997176,0.09331007,3.5535,0.090028999
248,0.076339968,0.056264869,1641997176,1641997176,0.082610083,3.5535,0.079339968
249,0.07503842,0.056254639,1641997176,1641997176,0.081309986,3.5535,0.07803842
250,0.066017868,0.056245564,1641997176,1641997176,0.072269869,3.5535,0.069017868
251,0.275120935,0.056239882,1641997177,1641997176,0.281369877,3.5535,0.278120935
252,0.084792678,0.056252416,1641997177,1641997177,0.091059875,3.5535,0.087792678
253,0.083722942,0.056259997,1641997177,1641997177,0.089999866,3.5535,0.086722942
254,0.083035915,0.05626777,1641997177,1641997177,0.089320135,3.5535,0.086035915
255,0.087592755,0.05625781,1641997177,1641997177,0.093859863,3.5535,0.090592755
256,0.081351009,0.056271586,1641997177,1641997177,0.087629986,3.5535,0.084351009
257,0.078300549,0.056279586,1641997177,1641997177,0.084589911,3.5535,0.081300549
258,0.076417121,0.056274024,1641997177,1641997177,0.082699966,3.5535,0.079417121
259,0.088859783,0.056265845,1641997177,1641997177,0.095139933,3.5535,0.091859783
260,0.074139863,0.056278199,1641997178,1641997177,0.080429983,3.5535,0.077139863
261,0.075637434,0.056270745,1641997178,1641997178,0.081910086,3.5535,0.078637434
262,0.09450547,0.056260903,1641997178,1641997178,0.100769949,3.5535,0.09750547
263,0.079074182,0.056272469,1641997178,1641997178,0.085360003,3.5535,0.082074182
264,0.086950349,0.056269122,1641997178,1641997178,0.093239975,3.5535,0.089950349
265,0.067515214,0.05626146,1641997178,1641997178,0.073790026,3.5535,0.070515214
266,0.082633596,0.056257624,1641997178,1641997178,0.088900042,3.5535,0.085633596
267,0.094538052,0.056260508,1641997178,1641997178,0.100810003,3.5535,0.097538052
268,0.056631229,0.056266167,1641997178,1641997178,0.062910032,3.5535,0.059631229
269,0.082762419,0.056252779,1641997178,1641997178,0.089019966,3.5535,0.085762419
270,0.077277271,0.056255492,1641997178,1641997178,0.083529902,3.5535,0.080277271
271,0.106928051,0.056250631,1641997179,1641997178,0.113189888,3.5535,0.109928051
272,0.063408161,0.056263661,1641997179,1641997179,0.069689941,3.5535,0.066408161
273,0.07641837,0.056252509,1641997179,1641997179,0.082679939,3.5535,0.07941837
274,0.085972568,0.056245545,1641997179,1641997179,0.092230034,3.5535,0.088972568
275,0.075472414,0.056258142,1641997179,1641997179,0.081740093,3.5535,0.078472414
276,0.086886881,0.056250097,1641997179,1641997179,0.093149853,3.5535,0.089886881
277,0.072202948,0.056262704,1641997179,1641997179,0.078489971,3.5535,0.075202948
278,0.071572526,0.056252973,1641997179,1641997179,0.077840042,3.5535,0.074572526
279,0.076872227,0.056255462,1641997179,1641997179,0.083139849,3.5535,0.079872227
280,0.086518638,0.056265004,1641997179,1641997179,0.092790079,3.5535,0.089518638
281,0.083723878,0.056276704,1641997179,1641997179,0.09000988,3.5535,0.086723878
282,0.093847413,0.056267123,1641997180,1641997179,0.100130033,3.5535,0.096847413
283,0.072541192,0.056269452,1641997180,1641997179,0.078820181,3.5535,0.075541192
284,0.072990616,0.056257049,1641997180,1641997180,0.07925005,3.5535,0.075990616
285,0.100350358,0.056244872,1641997180,1641997180,0.106599998,3.5535,0.103350358
286,0.083052663,0.05623314,1641997180,1641997180,0.089289856,3.5535,0.086052663
287,0.093999779,0.056224192,1641997180,1641997180,0.100239944,3.5535,0.096999779
288,0.086508525,0.056236016,1641997180,1641997180,0.092760038,3.5535,0.089508525
289,0.083911253,0.056228327,1641997180,1641997180,0.09015007,3.5535,0.086911253
290,0.241993525,0.056235455,1641997180,1641997180,0.248239946,3.5535,0.244993525
291,0.082327353,0.056226744,1641997180,1641997180,0.08857007,3.5535,0.085327353
292,0.087700299,0.056233474,1641997181,1641997180,0.093949986,3.5535,0.090700299
293,0.076997124,0.056244529,1641997181,1641997181,0.083249998,3.5535,0.079997124
294,0.087246741,0.056239997,1641997181,1641997181,0.093499851,3.5535,0.090246741
295,0.073829115,0.056252539,1641997181,1641997181,0.080100012,3.5535,0.076829115
296,0.083601919,0.056243214,1641997181,1641997181,0.089849901,3.5535,0.086601919
297,0.088188577,0.056249213,1641997181,1641997181,0.094449949,3.5535,0.091188577
298,0.074876921,0.05624686,1641997181,1641997181,0.081139994,3.5535,0.077876921
299,0.087890986,0.056238767,1641997181,1641997181,0.094140005,3.5535,0.090890986
300,0.082732137,0.056250874,1641997181,1641997181,0.088989925,3.5535,0.085732137
301,0.094875645,0.056257893,1641997181,1641997181,0.101139975,3.5535,0.097875645
302,0.077864996,0.056268343,1641997181,1641997181,0.084140015,3.5535,0.080864996
303,0.096083481,0.056265038,1641997182,1641997181,0.102359962,3.5535,0.099083481
304,0.084127216,0.056277009,1641997182,1641997182,0.090409946,3.5535,0.087127216
305,0.063879683,0.056283281,1641997182,1641997182,0.070179892,3.5535,0.066879683
306,0.090209251,0.056273932,1641997182,1641997182,0.096489859,3.5535,0.093209251
307,0.103617601,0.056276388,1641997182,1641997182,0.10989995,3.5535,0.106617601
308,0.082418778,0.056282422,1641997182,1641997182,0.088710022,3.5535,0.085418778
309,0.066783215,0.05627415,1641997182,1641997182,0.073090029,3.5535,0.069783215
310,0.078850138,0.056269538,1641997182,1641997182,0.085129929,3.5535,0.081850138
311,0.078089007,0.056271783,1641997182,1641997182,0.08436985,3.5535,0.081089007
312,0.087035927,0.056266752,1641997182,1641997182,0.09331007,3.5535,0.090035927
313,0.084568632,0.056276428,1641997182,1641997182,0.090850067,3.5535,0.087568632
314,0.084173361,0.056282601,1641997183,1641997182,0.090460014,3.5535,0.087173361
315,0.089507207,0.056288377,1641997183,1641997183,0.095810127,3.5535,0.092507207
316,0.062660597,0.056286194,1641997183,1641997183,0.068950129,3.5535,0.065660597
317,0.075585634,0.056292504,1641997183,1641997183,0.081890059,3.5535,0.078585634
318,0.078018379,0.056286144,1641997183,1641997183,0.084310007,3.5535,0.081018379
319,0.08610295,0.056281817,1641997183,1641997183,0.092390013,3.5535,0.08910295
320,0.086951183,0.056291176,1641997183,1641997183,0.093249989,3.5535,0.089951183
321,0.09523601,0.056282573,1641997183,1641997183,0.101530027,3.5535,0.09823601
322,0.0790599,0.056290566,1641997183,1641997183,0.085370016,3.5535,0.0820599
323,0.070855522,0.056286668,1641997183,1641997183,0.07714982,3.5535,0.073855522
324,0.078374045,0.056284291,1641997183,1641997183,0.084670019,3.5535,0.081374045
325,0.083542356,0.05627965,1641997184,1641997183,0.089829874,3.5535,0.086542356
326,0.083609084,0.056269427,1641997184,1641997184,0.089889956,3.5535,0.086609084
327,0.091115313,0.056260986,1641997184,1641997184,0.097389889,3.5535,0.094115313
328,0.087042863,0.056254094,1641997184,1641997184,0.09331007,3.5535,0.090042863
329,0.084481201,0.056249896,1641997184,1641997184,0.090739918,3.5535,0.087481201
330,0.072842946,0.056242118,1641997184,1641997184,0.079090071,3.5535,0.075842946
331,0.080983638,0.056234837,1641997184,1641997184,0.087229919,3.5535,0.083983638
332,0.092702712,0.056236898,1641997184,1641997184,0.0989501,3.5535,0.095702712
333,0.079487747,0.056239182,1641997184,1641997184,0.085730028,3.5535,0.082487747
334,0.098640419,0.056232237,1641997184,1641997184,0.104889822,3.5535,0.101640419
335,0.073801258,0.056242726,1641997184,1641997184,0.080059958,3.5535,0.076801258
336,0.092990437,0.056234798,1641997185,1641997184,0.099240017,3.5535,0.095990437
337,0.077484022,0.056240429,1641997185,1641997185,0.083730173,3.5535,0.080484022
338,0.086976974,0.056236298,1641997185,1641997185,0.093220186,3.5535,0.089976974
339,0.074747094,0.05624651,1641997185,1641997185,0.081000042,3.5535,0.077747094
340,0.076529357,0.056238559,1641997185,1641997185,0.082779837,3.5535,0.079529357
341,0.095092374,0.056233567,1641997185,1641997185,0.101329994,3.5535,0.098092374
342,0.085416145,0.056244069,1641997185,1641997185,0.091680002,3.5535,0.088416145
343,0.084438814,0.056236493,1641997185,1641997185,0.090690088,3.5535,0.087438814
344,0.08435359,0.056242323,1641997185,1641997185,0.090599966,3.5535,0.08735359
345,0.073819926,0.056248138,1641997185,1641997185,0.080079985,3.5535,0.076819926
346,0.086682913,0.056240442,1641997185,1641997185,0.092940044,3.5535,0.089682913
347,0.073007097,0.056236992,1641997186,1641997185,0.07925005,3.5535,0.076007097
348,0.07401066,0.056227158,1641997186,1641997186,0.080270004,3.5535,0.07701066
349,0.092588338,0.05622038,1641997186,1641997186,0.098819923,3.5535,0.095588338
350,0.084026766,0.056226539,1641997186,1641997186,0.09026022,3.5535,0.087026766
351,0.075010712,0.05623204,1641997186,1641997186,0.081249905,3.5535,0.078010712
352,0.077578392,0.056224975,1641997186,1641997186,0.083820057,3.5535,0.080578392
353,0.076200546,0.056220471,1641997186,1641997186,0.082430077,3.5535,0.079200546
354,0.074415757,0.056229279,1641997186,1641997186,0.080660057,3.5535,0.077415757
355,0.07453023,0.056221379,1641997186,1641997186,0.080760193,3.5535,0.07753023
356,0.076854799,0.056214239,1641997186,1641997186,0.083080006,3.5535,0.079854799
357,0.088829288,0.056209317,1641997186,1641997186,0.095060062,3.5535,0.091829288
358,0.07689457,0.056220006,1641997187,1641997186,0.08312006,3.5535,0.07989457
359,0.077473856,0.056216262,1641997187,1641997186,0.083700132,3.5535,0.080473856
360,0.087854675,0.056212374,1641997187,1641997187,0.094079924,3.5535,0.090854675
361,0.083849611,0.056221543,1641997187,1641997187,0.090080214,3.5535,0.086849611
362,0.265373435,0.056217943,1641997187,1641997187,0.27159996,3.5535,0.268373435
363,0.081489385,0.056224286,1641997187,1641997187,0.08774991,3.5535,0.084489385
364,0.087461135,0.056226351,1641997187,1641997187,0.093700123,3.5535,0.090461135
365,0.063555373,0.056236373,1641997187,1641997187,0.069800091,3.5535,0.066555373
366,0.094081755,0.056229,1641997187,1641997187,0.100319815,3.5535,0.097081755
367,0.08273796,0.056223355,1641997188,1641997187,0.088970137,3.5535,0.08573796
368,0.085026533,0.056215972,1641997188,1641997187,0.091249895,3.5535,0.088026533
369,0.08504016,0.056225232,1641997188,1641997188,0.091279936,3.5535,0.08804016
370,0.090664599,0.056220558,1641997188,1641997188,0.096899939,3.5535,0.093664599
371,0.074236426,0.056229797,1641997188,1641997188,0.080480051,3.5535,0.077236426
372,0.086297762,0.056222189,1641997188,1641997188,0.092529964,3.5535,0.089297762
373,0.075046171,0.056231628,1641997188,1641997188,0.081289959,3.5535,0.078046171
374,0.07733705,0.056225515,1641997188,1641997188,0.083569956,3.5535,0.08033705
375,0.113868783,0.056221654,1641997188,1641997188,0.120099974,3.5535,0.116868783
376,0.075050775,0.056230839,1641997188,1641997188,0.081290197,3.5535,0.078050775
377,0.07690306,0.056225106,1641997188,1641997188,0.083139849,3.5535,0.07990306
378,0.096227226,0.056221666,1641997189,1641997188,0.102449846,3.5535,0.099227226
379,0.074181783,0.056218159,1641997189,1641997188,0.080409956,3.5535,0.077181783
380,0.094962074,0.056222723,1641997189,1641997189,0.101200056,3.5535,0.097962074
381,0.103563615,0.056230715,1641997189,1641997189,0.109810066,3.5535,0.106563615
382,0.082884445,0.056236133,1641997189,1641997189,0.089130116,3.5535,0.085884445
383,0.087150985,0.056229895,1641997189,1641997189,0.09338994,3.5535,0.090150985
384,0.074501408,0.056239473,1641997189,1641997189,0.080749941,3.5535,0.077501408
385,0.087832193,0.056232472,1641997189,1641997189,0.094079924,3.5535,0.090832193
386,0.084195583,0.056241544,1641997189,1641997189,0.090450001,3.5535,0.087195583
387,0.064242844,0.056246753,1641997189,1641997189,0.070489836,3.5535,0.067242844
388,0.091895927,0.056239735,1641997189,1641997189,0.098149967,3.5535,0.094895927
389,0.086264658,0.056241703,1641997190,1641997189,0.092519951,3.5535,0.089264658
390,0.075164546,0.056236993,1641997190,1641997189,0.081409883,3.5535,0.078164546
391,0.087365917,0.056230494,1641997190,1641997190,0.093599987,3.5535,0.090365917
392,0.08249474,0.056239124,1641997190,1641997190,0.088750076,3.5535,0.08549474
393,0.086927305,0.056244721,1641997190,1641997190,0.093179893,3.5535,0.089927305
394,0.072681484,0.056253376,1641997190,1641997190,0.078950119,3.5535,0.075681484
395,0.072855834,0.056246396,1641997190,1641997190,0.079109859,3.5535,0.075855834
396,0.082101174,0.056239299,1641997190,1641997190,0.088349771,3.5535,0.085101174
397,0.07707714,0.05624486,1641997190,1641997190,0.083330107,3.5535,0.08007714
398,0.086776043,0.056241249,1641997190,1641997190,0.093029928,3.5535,0.089776043
399,0.081972121,0.056250097,1641997190,1641997190,0.088239861,3.5535,0.084972121
400,0.111271022,0.056251886,1641997191,1641997190,0.117539835,3.5535,0.114271022
401,0.084596619,0.056257263,1641997191,1641997190,0.090870094,3.5535,0.087596619
402,0.095584972,0.056251662,1641997191,1641997191,0.101850224,3.5535,0.098584972
403,0.076124915,0.056246272,1641997191,1641997191,0.082380009,3.5535,0.079124915
404,0.06756715,0.056242665,1641997191,1641997191,0.073810053,3.5535,0.07056715
405,0.081343301,0.056239716,1641997191,1641997191,0.087599945,3.5535,0.084343301
406,0.083815943,0.056241382,1641997191,1641997191,0.090069962,3.5535,0.086815943
407,0.075616722,0.056234951,1641997191,1641997191,0.081860018,3.5535,0.078616722
408,0.087269396,0.056226402,1641997191,1641997191,0.093510103,3.5535,0.090269396
409,0.074753017,0.056234865,1641997191,1641997191,0.081000042,3.5535,0.077753017
410,0.084714818,0.056227994,1641997191,1641997191,0.090949965,3.5535,0.087714818
411,0.093728972,0.056233215,1641997192,1641997191,0.099970055,3.5535,0.096728972
412,0.081660125,0.056240942,1641997192,1641997191,0.087910128,3.5535,0.084660125
413,0.08563339,0.056232579,1641997192,1641997192,0.091880035,3.5535,0.08863339
414,0.086339204,0.056238444,1641997192,1641997192,0.092590046,3.5535,0.089339204
415,0.085685448,0.056235834,1641997192,1641997192,0.091930103,3.5535,0.088685448
416,0.104392105,0.056243605,1641997192,1641997192,0.110640001,3.5535,0.107392105
417,0.076619699,0.056249783,1641997192,1641997192,0.082879972,3.5535,0.079619699
418,0.077390264,0.056244542,1641997192,1641997192,0.083649826,3.5535,0.080390264
419,0.082291618,0.05623959,1641997192,1641997192,0.08854003,3.5535,0.085291618
420,0.098901371,0.056241174,1641997192,1641997192,0.105150175,3.5535,0.101901371
421,0.096818598,0.0562385,1641997192,1641997192,0.103059959,3.5535,0.099818598
422,0.085184929,0.05623329,1641997193,1641997192,0.091429901,3.5535,0.088184929
423,0.075861419,0.056224858,1641997193,1641997193,0.082100105,3.5535,0.078861419
424,0.087216899,0.056219294,1641997193,1641997193,0.093450022,3.5535,0.090216899
425,0.082674101,0.056226655,1641997193,1641997193,0.088909817,3.5535,0.085674101
426,0.097292097,0.056223958,1641997193,1641997193,0.103530121,3.5535,0.100292097
427,0.075463247,0.05623107,1641997193,1641997193,0.081710052,3.5535,0.078463247
428,0.088497783,0.056225633,1641997193,1641997193,0.094729853,3.5535,0.091497783
429,0.088373446,0.056233621,1641997193,1641997193,0.09462018,3.5535,0.091373446
430,0.094722526,0.056241973,1641997193,1641997193,0.100979996,3.5535,0.097722526
431,0.095381445,0.056238943,1641997193,1641997193,0.101629925,3.5535,0.098381445
432,0.08828922,0.056242745,1641997194,1641997193,0.094540071,3.5535,0.09128922
433,0.099388938,0.056250949,1641997194,1641997193,0.1056499,3.5535,0.102388938
434,0.0758613,0.056247865,1641997194,1641997194,0.082119894,3.5535,0.0788613
435,0.086584117,0.056241486,1641997194,1641997194,0.092829895,3.5535,0.089584117
436,0.090093077,0.056236326,1641997194,1641997194,0.096339893,3.5535,0.093093077
437,0.088218808,0.056233764,1641997194,1641997194,0.094459963,3.5535,0.091218808
438,0.085351675,0.056241304,1641997194,1641997194,0.091600132,3.5535,0.088351675
439,0.087843046,0.05624713,1641997194,1641997194,0.094099951,3.5535,0.090843046
440,0.079072653,0.056254686,1641997194,1641997194,0.085329962,3.5535,0.082072653
441,0.069055413,0.056251432,1641997194,1641997194,0.075319958,3.5535,0.072055413
442,0.101783884,0.056250918,1641997194,1641997194,0.10805006,3.5535,0.104783884
443,0.074730982,0.056253086,1641997195,1641997194,0.080990028,3.5535,0.077730982
444,0.08664706,0.056246493,1641997195,1641997194,0.09289999,3.5535,0.08964706
445,0.093473341,0.056253288,1641997195,1641997195,0.099739981,3.5535,0.096473341
446,0.081260298,0.056258108,1641997195,1641997195,0.087520075,3.5535,0.084260298
447,0.087320006,0.056255185,1641997195,1641997195,0.09357996,3.5535,0.090320006
448,0.072582387,0.056263066,1641997195,1641997195,0.078859997,3.5535,0.075582387
449,0.074791319,0.056256645,1641997195,1641997195,0.081060123,3.5535,0.077791319
450,0.088074652,0.056250842,1641997195,1641997195,0.094330025,3.5535,0.091074652
451,0.077598469,0.056258304,1641997195,1641997195,0.083869886,3.5535,0.080598469
452,0.093605822,0.056255275,1641997195,1641997195,0.099880171,3.5535,0.096605822
453,0.075870635,0.056262372,1641997195,1641997195,0.082139921,3.5535,0.078870635
454,0.086287474,0.05625751,1641997196,1641997195,0.092549992,3.5535,0.089287474
455,0.084176126,0.056264577,1641997196,1641997195,0.090450001,3.5535,0.087176126
456,0.098184754,0.056266139,1641997196,1641997196,0.104469967,3.5535,0.101184754
457,0.075020816,0.056261752,1641997196,1641997196,0.081289959,3.5535,0.078020816
458,0.10646497,0.05625571,1641997196,1641997196,0.112739992,3.5535,0.10946497
459,0.095752107,0.056262625,1641997196,1641997196,0.102019978,3.5535,0.098752107
460,0.065033441,0.056256528,1641997196,1641997196,0.071299982,3.5535,0.068033441
461,0.083217871,0.056251514,1641997196,1641997196,0.089479876,3.5535,0.086217871
462,0.0972442,0.056253019,1641997196,1641997196,0.103510094,3.5535,0.1002442
463,0.084523631,0.056260633,1641997196,1641997196,0.090799999,3.5535,0.087523631
464,0.076543363,0.056267706,1641997196,1641997196,0.082820129,3.5535,0.079543363
465,0.074638753,0.056263061,1641997197,1641997196,0.08090992,3.5535,0.077638753
466,0.090008299,0.056268175,1641997197,1641997197,0.096290064,3.5535,0.093008299
467,0.093124001,0.056267889,1641997197,1641997197,0.099399996,3.5535,0.096124001
468,0.074860818,0.056270593,1641997197,1641997197,0.081139994,3.5535,0.077860818
469,0.077341933,0.056274753,1641997197,1641997197,0.083620024,3.5535,0.080341933
470,0.101374629,0.056270596,1641997197,1641997197,0.107660007,3.5535,0.104374629
471,0.084238222,0.05627186,1641997197,1641997197,0.090520096,3.5535,0.087238222
472,0.071993077,0.05627445,1641997197,1641997197,0.078279924,3.5535,0.074993077
473,0.08699946,0.056276039,1641997197,1641997197,0.093280029,3.5535,0.08999946
474,0.093828961,0.056271986,1641997197,1641997197,0.100110006,3.5535,0.096828961
475,0.110597115,0.05627634,1641997198,1641997197,0.116889906,3.5535,0.113597115
476,0.085865836,0.05628385,1641997198,1641997197,0.092160177,3.5535,0.088865836
477,0.08706629,0.056278589,1641997198,1641997198,0.0933599,3.5535,0.09006629
478,0.075370661,0.056282886,1641997198,1641997198,0.081669998,3.5535,0.078370661
479,0.082186054,0.056288887,1641997198,1641997198,0.088479948,3.5535,0.085186054
480,0.088767939,0.056285686,1641997198,1641997198,0.095070076,3.5535,0.091767939
481,0.075307313,0.056281146,1641997198,1641997198,0.081600142,3.5535,0.078307313
482,0.088532735,0.056276511,1641997198,1641997198,0.094819975,3.5535,0.091532735
483,0.096103267,0.056283875,1641997198,1641997198,0.102399778,3.5535,0.099103267
484,0.093955906,0.056280939,1641997198,1641997198,0.100239944,3.5535,0.096955906
485,0.099651107,0.056283227,1641997198,1641997198,0.105940056,3.5535,0.102651107
486,0.103668888,0.056290429,1641997199,1641997198,0.109970045,3.5535,0.106668888
487,0.074687125,0.056294321,1641997199,1641997199,0.080990028,3.5535,0.077687125
488,0.08757925,0.05628872,1641997199,1641997199,0.09387989,3.5535,0.09057925
489,0.091770674,0.056295847,1641997199,1641997199,0.098080111,3.5535,0.094770674
490,0.081867315,0.056300067,1641997199,1641997199,0.088180017,3.5535,0.084867315
491,0.07460577,0.056301527,1641997199,1641997199,0.080910158,3.5535,0.07760577
492,0.087517144,0.056305764,1641997199,1641997199,0.093830061,3.5535,0.090517144
493,0.076629509,0.056311975,1641997199,1641997199,0.082950068,3.5535,0.079629509
494,0.094595332,0.056309085,1641997199,1641997199,0.100910139,3.5535,0.097595332
495,0.076031194,0.05631639,1641997199,1641997199,0.082359982,3.5535,0.079031194
496,0.065316176,0.056311632,1641997199,1641997199,0.071639967,3.5535,0.068316176
497,0.075529666,0.056307702,1641997200,1641997199,0.081839991,3.5535,0.078529666
498,0.086948538,0.056303358,1641997200,1641997200,0.093260002,3.5535,0.089948538
499,0.083680645,0.0563104,1641997200,1641997200,0.089999866,3.5535,0.086680645
500,0.053340922,0.056304922,1641997200,1641997200,0.05965991,3.5535,0.056340922
501,0.25442571,0.056297833,1641997200,1641997200,0.26072998,3.5535,0.25742571
502,0.102746477,0.056299219,1641997200,1641997200,0.109080029,3.5535,0.105746477
503,0.076530408,0.056302357,1641997200,1641997200,0.082839918,3.5535,0.079530408
504,0.076179098,0.05629747,1641997200,1641997200,0.082490158,3.5535,0.079179098
505,0.086030155,0.056292862,1641997200,1641997200,0.092329931,3.5535,0.089030155
506,0.077192606,0.056288658,1641997201,1641997200,0.083500099,3.5535,0.080192606
507,0.273033761,0.056287146,1641997201,1641997200,0.279329967,3.5535,0.276033761
508,0.081256488,0.056290767,1641997201,1641997201,0.087559891,3.5535,0.084256488
509,0.078685626,0.056294337,1641997201,1641997201,0.084990215,3.5535,0.081685626
510,0.071663826,0.056291372,1641997201,1641997201,0.07796998,3.5535,0.074663826
511,0.084703016,0.056292725,1641997201,1641997201,0.091010046,3.5535,0.087703016
512,0.086988225,0.056297049,1641997201,1641997201,0.093290043,3.5535,0.089988225
513,0.084910432,0.056303462,1641997201,1641997201,0.091220093,3.5535,0.087910432
514,0.262260778,0.05630769,1641997202,1641997201,0.268579912,3.5535,0.265260778
515,0.077630351,0.056311777,1641997202,1641997202,0.083949995,3.5535,0.080630351
516,0.091340417,0.056308394,1641997202,1641997202,0.097660017,3.5535,0.094340417
517,0.089995684,0.056304156,1641997202,1641997202,0.096309853,3.5535,0.092995684
518,0.098015247,0.056311907,1641997202,1641997202,0.104340029,3.5535,0.101015247
519,0.073930861,0.056317447,1641997202,1641997202,0.080259991,3.5535,0.076930861
520,0.09469732,0.056310571,1641997202,1641997202,0.10102005,3.5535,0.09769732
521,0.084397728,0.056316679,1641997202,1641997202,0.090729904,3.5535,0.087397728
522,0.077515227,0.056320804,1641997202,1641997202,0.083850098,3.5535,0.080515227
523,0.077682346,0.056315332,1641997202,1641997202,0.084000063,3.5535,0.080682346
524,0.087438471,0.056312912,1641997203,1641997202,0.093769979,3.5535,0.090438471
525,0.083386043,0.056319376,1641997203,1641997202,0.089719963,3.5535,0.086386043
526,0.085800133,0.056323327,1641997203,1641997203,0.092139912,3.5535,0.088800133
527,0.062681024,0.056318934,1641997203,1641997203,0.069019985,3.5535,0.065681024
528,0.097610609,0.056313618,1641997203,1641997203,0.103939962,3.5535,0.100610609
529,0.075135864,0.056310259,1641997203,1641997203,0.081459951,3.5535,0.078135864
530,0.098422381,0.056306032,1641997203,1641997203,0.104740095,3.5535,0.101422381
531,0.076139763,0.056303188,1641997203,1641997203,0.082459879,3.5535,0.079139763
532,0.087119801,0.056298272,1641997203,1641997203,0.093429995,3.5535,0.090119801
533,0.077023306,0.05630394,1641997203,1641997203,0.083329868,3.5535,0.080023306
534,0.077699012,0.056301528,1641997203,1641997203,0.084019852,3.5535,0.080699012
535,0.093306236,0.056298799,1641997204,1641997203,0.099620056,3.5535,0.096306236
536,0.076394276,0.056304736,1641997204,1641997203,0.08270998,3.5535,0.079394276
537,0.076695732,0.056300589,1641997204,1641997204,0.083010149,3.5535,0.079695732
538,0.087430985,0.056296794,1641997204,1641997204,0.093739939,3.5535,0.090430985
539,0.086419591,0.056302539,1641997204,1641997204,0.092740011,3.5535,0.089419591
540,0.064123504,0.056300051,1641997204,1641997204,0.070429993,3.5535,0.067123504
541,0.074546804,0.056295881,1641997204,1641997204,0.080850077,3.5535,0.077546804
542,0.074542492,0.056290419,1641997204,1641997204,0.080840063,3.5535,0.077542492
543,0.084976005,0.056285095,1641997204,1641997204,0.091269922,3.5535,0.087976005
544,0.085852569,0.05628925,1641997204,1641997204,0.092149925,3.5535,0.088852569
545,0.081537728,0.056295152,1641997204,1641997204,0.087840033,3.5535,0.084537728
546,0.089961187,0.056296452,1641997204,1641997204,0.096260023,3.5535,0.092961187
547,0.081814881,0.056290273,1641997205,1641997204,0.088119936,3.5535,0.084814881
548,0.091360508,0.056291402,1641997205,1641997205,0.097660017,3.5535,0.094360508
549,0.076414237,0.05630075,1641997205,1641997205,0.082719994,3.5535,0.079414237
550,0.102918613,0.056297791,1641997205,1641997205,0.10921998,3.5535,0.105918613
551,0.085001696,0.056293737,1641997205,1641997205,0.091309977,3.5535,0.088001696
552,0.083485899,0.056289616,1641997205,1641997205,0.089790058,3.5535,0.086485899
553,0.086865331,0.056285237,1641997205,1641997205,0.093160105,3.5535,0.089865331
554,0.085563306,0.056291218,1641997205,1641997205,0.091870022,3.5535,0.088563306
555,0.077322888,0.056286168,1641997205,1641997205,0.083620024,3.5535,0.080322888
556,0.08741375,0.056283988,1641997205,1641997205,0.093709898,3.5535,0.09041375
557,0.075143539,0.056290425,1641997206,1641997205,0.081439924,3.5535,0.078143539
558,0.083411927,0.056285387,1641997206,1641997205,0.089710188,3.5535,0.086411927
559,0.0772015,0.056290731,1641997206,1641997206,0.083509874,3.5535,0.0802015
560,0.088118968,0.056297126,1641997206,1641997206,0.094430161,3.5535,0.091118968
561,0.077138604,0.056303321,1641997206,1641997206,0.083450031,3.5535,0.080138604
562,0.086870858,0.056300929,1641997206,1641997206,0.093179893,3.5535,0.089870858
563,0.085218498,0.056307248,1641997206,1641997206,0.091539812,3.5535,0.088218498
564,0.072427645,0.056302652,1641997206,1641997206,0.078740072,3.5535,0.075427645
565,0.075726103,0.056297708,1641997206,1641997206,0.082029772,3.5535,0.078726103
566,0.087698357,0.056292875,1641997206,1641997206,0.094000053,3.5535,0.090698357
567,0.093653474,0.056297984,1641997206,1641997206,0.099970055,3.5535,0.096653474
568,0.073293928,0.056303736,1641997206,1641997206,0.079610062,3.5535,0.076293928
569,0.064431141,0.056297352,1641997207,1641997206,0.070739937,3.5535,0.067431141
570,0.073172334,0.056293008,1641997207,1641997207,0.07947011,3.5535,0.076172334
571,0.085239124,0.056288529,1641997207,1641997207,0.091540051,3.5535,0.088239124
572,0.082250516,0.05628403,1641997207,1641997207,0.088550043,3.5535,0.085250516
573,0.086706042,0.056279063,1641997207,1641997207,0.092990112,3.5535,0.089706042
574,0.073462897,0.056285209,1641997207,1641997207,0.079760027,3.5535,0.076462897
575,0.087163068,0.056279801,1641997207,1641997207,0.093450022,3.5535,0.090163068
576,0.0739699,0.056286038,1641997207,1641997207,0.080270004,3.5535,0.0769699
577,0.07760271,0.05628029,1641997207,1641997207,0.083889914,3.5535,0.08060271
578,0.076756296,0.056277934,1641997207,1641997207,0.083049965,3.5535,0.079756296
579,0.086678927,0.056283529,1641997207,1641997207,0.092970085,3.5535,0.089678927
580,0.072197344,0.05628929,1641997208,1641997207,0.078499985,3.5535,0.075197344
581,0.08508207,0.056283696,1641997208,1641997207,0.091370058,3.5535,0.08808207
582,0.252753629,0.056287394,1641997208,1641997208,0.259060097,3.5535,0.255753629
583,0.083938813,0.056290651,1641997208,1641997208,0.090239954,3.5535,0.086938813
584,0.084137962,0.056293919,1641997208,1641997208,0.090439987,3.5535,0.087137962
585,0.082584248,0.056289091,1641997208,1641997208,0.088890028,3.5535,0.085584248
586,0.066789786,0.056290229,1641997208,1641997208,0.073090029,3.5535,0.069789786
587,0.08400569,0.056287909,1641997208,1641997208,0.090300035,3.5535,0.08700569
588,0.077612127,0.056292569,1641997208,1641997208,0.083919954,3.5535,0.080612127
589,0.084398371,0.056289333,1641997208,1641997208,0.090700102,3.5535,0.087398371
590,0.076425072,0.056285385,1641997209,1641997208,0.082719994,3.5535,0.079425072
591,0.085969783,0.056281708,1641997209,1641997209,0.092260075,3.5535,0.088969783
592,0.072901003,0.056286819,1641997209,1641997209,0.079189968,3.5535,0.075901003
593,0.071001518,0.056282532,1641997209,1641997209,0.077300024,3.5535,0.074001518
594,0.087001971,0.056276866,1641997209,1641997209,0.093290043,3.5535,0.090001971
595,0.096255682,0.056282141,1641997209,1641997209,0.102549982,3.5535,0.099255682
596,0.071498634,0.05628538,1641997209,1641997209,0.077799988,3.5535,0.074498634
597,0.083434537,0.056280657,1641997209,1641997209,0.089720201,3.5535,0.086434537
598,0.08318415,0.056276891,1641997209,1641997209,0.0894701,3.5535,0.08618415
599,0.075813508,0.056279683,1641997209,1641997209,0.082099867,3.5535,0.078813508
600,0.082214752,0.056274971,1641997209,1641997209,0.088499975,3.5535,0.085214752
601,0.09958714,0.056276145,1641997210,1641997209,0.105879974,3.5535,0.10258714
602,0.075290011,0.056277944,1641997210,1641997210,0.081580114,3.5535,0.078290011
603,0.076473658,0.056273992,1641997210,1641997210,0.082750034,3.5535,0.079473658
604,0.077984951,0.056271174,1641997210,1641997210,0.084269953,3.5535,0.080984951
605,0.064617713,0.056276957,1641997210,1641997210,0.070909929,3.5535,0.067617713
606,0.113258931,0.056273368,1641997210,1641997210,0.119540167,3.5535,0.116258931
607,0.084714331,0.056277357,1641997210,1641997210,0.091000032,3.5535,0.087714331
608,0.074262972,0.056273585,1641997210,1641997210,0.080550146,3.5535,0.077262972
609,0.077834664,0.056268873,1641997210,1641997210,0.084119987,3.5535,0.080834664
610,0.088740093,0.056267279,1641997210,1641997210,0.095020008,3.5535,0.091740093
611,0.087832972,0.056273178,1641997210,1641997210,0.094119978,3.5535,0.090832972
612,0.086907974,0.056279072,1641997211,1641997210,0.093200159,3.5535,0.089907974
613,0.086852145,0.056282449,1641997211,1641997211,0.093140078,3.5535,0.089852145
614,0.089431906,0.056287384,1641997211,1641997211,0.095730019,3.5535,0.092431906
615,0.087514727,0.056285532,1641997211,1641997211,0.093810034,3.5535,0.090514727
616,0.093878073,0.0562913,1641997211,1641997211,0.100179863,3.5535,0.096878073
617,0.076664876,0.056293298,1641997211,1641997211,0.082970095,3.5535,0.079664876
618,0.094853566,0.056290938,1641997211,1641997211,0.101170015,3.5535,0.097853566
619,0.06445722,0.056288677,1641997211,1641997211,0.070759964,3.5535,0.06745722
620,0.075266465,0.056284801,1641997211,1641997211,0.081559849,3.5535,0.078266465
621,0.08695839,0.056281108,1641997211,1641997211,0.093249989,3.5535,0.08995839
622,0.073880377,0.056286869,1641997211,1641997211,0.080179882,3.5535,0.076880377
623,0.079212692,0.056282732,1641997212,1641997211,0.085499954,3.5535,0.082212692
624,0.084274701,0.056280919,1641997212,1641997211,0.090569925,3.5535,0.087274701
625,0.087551024,0.056285236,1641997212,1641997212,0.093840075,3.5535,0.090551024
626,0.080973878,0.056282029,1641997212,1641997212,0.08725996,3.5535,0.083973878
627,0.087732406,0.056278853,1641997212,1641997212,0.094029856,3.5535,0.090732406
628,0.084080888,0.056284474,1641997212,1641997212,0.090369892,3.5535,0.087080888
629,0.075253484,0.056287768,1641997212,1641997212,0.081550074,3.5535,0.078253484
630,0.086754539,0.056283496,1641997212,1641997212,0.093049955,3.5535,0.089754539
631,0.099566318,0.056288384,1641997212,1641997212,0.105869961,3.5535,0.102566318
632,0.075130051,0.056291754,1641997212,1641997212,0.081430149,3.5535,0.078130051
633,0.087054321,0.056287935,1641997212,1641997212,0.093349886,3.5535,0.090054321
634,0.084362933,0.056293538,1641997213,1641997212,0.090670061,3.5535,0.087362933
635,0.082974396,0.056289233,1641997213,1641997213,0.089269829,3.5535,0.085974396
636,0.077226873,0.056285147,1641997213,1641997213,0.083529902,3.5535,0.080226873
637,0.087172482,0.056282547,1641997213,1641997213,0.093460035,3.5535,0.090172482
638,0.24493146,0.056287527,1641997213,1641997213,0.251229954,3.5535,0.24793146
639,0.085396124,0.056290554,1641997213,1641997213,0.091700029,3.5535,0.088396124
640,0.084209642,0.056293526,1641997213,1641997213,0.090510082,3.5535,0.087209642
641,0.077158759,0.056297471,1641997213,1641997213,0.083470058,3.5535,0.080158759
642,0.07737126,0.056295017,1641997213,1641997213,0.083680105,3.5535,0.08037126
643,0.077417047,0.05629286,1641997214,1641997213,0.08372016,3.5535,0.080417047
644,0.075472544,0.056298067,1641997214,1641997213,0.081789923,3.5535,0.078472544
645,0.077702164,0.056294799,1641997214,1641997214,0.084010077,3.5535,0.080702164
646,0.091425781,0.056300278,1641997214,1641997214,0.097740126,3.5535,0.094425781
647,0.086909111,0.056307976,1641997214,1641997214,0.093229961,3.5535,0.089909111
648,0.075214511,0.056305761,1641997214,1641997214,0.081530046,3.5535,0.078214511
649,0.085180758,0.056301834,1641997214,1641997214,0.091499996,3.5535,0.088180758
650,0.087249142,0.056306976,1641997214,1641997214,0.093560171,3.5535,0.090249142
651,0.087303226,0.056311782,1641997214,1641997214,0.093630028,3.5535,0.090303226
652,0.095737492,0.056309903,1641997214,1641997214,0.102060032,3.5535,0.098737492
653,0.080829777,0.056305968,1641997214,1641997214,0.087150049,3.5535,0.083829777
654,0.075796062,0.056308097,1641997215,1641997214,0.082119894,3.5535,0.078796062
655,0.086103401,0.056304732,1641997215,1641997214,0.092419815,3.5535,0.089103401
656,0.086859076,0.05630985,1641997215,1641997215,0.093170118,3.5535,0.089859076
657,0.077197067,0.056313999,1641997215,1641997215,0.083519888,3.5535,0.080197067
658,0.08772084,0.056311877,1641997215,1641997215,0.094049883,3.5535,0.09072084
659,0.093019515,0.056317062,1641997215,1641997215,0.099349928,3.5535,0.096019515
660,0.077593958,0.056320274,1641997215,1641997215,0.083920193,3.5535,0.080593958
661,0.084839419,0.056318209,1641997215,1641997215,0.091170025,3.5535,0.087839419
662,0.074688135,0.056323112,1641997215,1641997215,0.081020069,3.5535,0.077688135
663,0.085246263,0.056320252,1641997215,1641997215,0.091579866,3.5535,0.088246263
664,0.084081151,0.05632355,1641997215,1641997215,0.090409946,3.5535,0.087081151
665,0.095749329,0.05632024,1641997216,1641997215,0.102080059,3.5535,0.098749329
666,0.064838973,0.056316051,1641997216,1641997215,0.07116003,3.5535,0.067838973
667,0.074949961,0.056312579,1641997216,1641997216,0.08127017,3.5535,0.077949961
668,0.088487961,0.056306026,1641997216,1641997216,0.094799948,3.5535,0.091487961
669,0.087035552,0.056311234,1641997216,1641997216,0.093349886,3.5535,0.090035552
670,0.075149438,0.056307414,1641997216,1641997216,0.081459951,3.5535,0.078149438
671,0.083761169,0.056303547,1641997216,1641997216,0.090079975,3.5535,0.086761169
672,0.078409161,0.056306872,1641997216,1641997216,0.084720087,3.5535,0.081409161
673,0.085637665,0.056305075,1641997216,1641997216,0.091949892,3.5535,0.088637665
674,0.082495943,0.056309446,1641997216,1641997216,0.088809919,3.5535,0.085495943
675,0.076548593,0.05630563,1641997216,1641997216,0.082869959,3.5535,0.079548593
676,0.066757926,0.056303493,1641997216,1641997216,0.073070002,3.5535,0.069757926
677,0.085393264,0.05630152,1641997217,1641997216,0.091710043,3.5535,0.088393264
678,0.063564004,0.056305467,1641997217,1641997217,0.069880199,3.5535,0.066564004
679,0.075246212,0.056301478,1641997217,1641997217,0.081560087,3.5535,0.078246212
680,0.070871045,0.056298326,1641997217,1641997217,0.077180099,3.5535,0.073871045
681,0.082014808,0.056299201,1641997217,1641997217,0.088320208,3.5535,0.085014808
682,0.084233244,0.056300203,1641997217,1641997217,0.090550137,3.5535,0.087233244
683,0.073398409,0.056303205,1641997217,1641997217,0.079709959,3.5535,0.076398409
684,0.080888761,0.056299197,1641997217,1641997217,0.087199879,3.5535,0.083888761
685,0.079505398,0.056302116,1641997217,1641997217,0.085809898,3.5535,0.082505398
686,0.075490454,0.056303283,1641997217,1641997217,0.081799936,3.5535,0.078490454
687,0.076172225,0.056299575,1641997217,1641997217,0.082479906,3.5535,0.079172225
688,0.08649959,0.056304079,1641997217,1641997217,0.092809868,3.5535,0.08949959
689,0.074130767,0.056308991,1641997218,1641997217,0.08045001,3.5535,0.077130767
690,0.076655983,0.05630529,1641997218,1641997218,0.08297987,3.5535,0.079655983
691,0.074245763,0.056302953,1641997218,1641997218,0.080559921,3.5535,0.077245763
692,0.076094839,0.056305674,1641997218,1641997218,0.082410049,3.5535,0.079094839
693,0.088896226,0.056301404,1641997218,1641997218,0.095210028,3.5535,0.091896226
694,0.109660252,0.056306497,1641997218,1641997218,0.115969849,3.5535,0.112660252
695,0.084247274,0.056311445,1641997218,1641997218,0.090569925,3.5535,0.087247274
696,0.087796611,0.056313592,1641997218,1641997218,0.094110203,3.5535,0.090796611
697,0.106859575,0.056317915,1641997218,1641997218,0.113199902,3.5535,0.109859575
698,0.085853546,0.056322844,1641997218,1641997218,0.09218998,3.5535,0.088853546
699,0.087521486,0.056326218,1641997219,1641997218,0.093850088,3.5535,0.090521486
700,0.095789868,0.056324285,1641997219,1641997218,0.102119875,3.5535,0.098789868
701,0.082923079,0.056320285,1641997219,1641997219,0.08925004,3.5535,0.085923079
702,0.078472655,0.056315381,1641997219,1641997219,0.084799957,3.5535,0.081472655
703,0.085407181,0.056313353,1641997219,1641997219,0.091740084,3.5535,0.088407181
704,0.076004761,0.05631016,1641997219,1641997219,0.082320166,3.5535,0.079004761
705,0.08539233,0.056306507,1641997219,1641997219,0.091710043,3.5535,0.08839233
706,0.068154218,0.05630338,1641997219,1641997219,0.074469995,3.5535,0.071154218
707,0.076375772,0.056299637,1641997219,1641997219,0.082680178,3.5535,0.079375772
708,0.075760176,0.056296298,1641997219,1641997219,0.082070065,3.5535,0.078760176
709,0.087587506,0.0562931,1641997219,1641997219,0.093889904,3.5535,0.090587506
710,0.078095893,0.05629756,1641997219,1641997219,0.084399891,3.5535,0.081095893
711,0.110360203,0.056294622,1641997220,1641997219,0.116659832,3.5535,0.113360203
712,0.086695101,0.056299064,1641997220,1641997220,0.093009901,3.5535,0.089695101
713,0.077010485,0.056302456,1641997220,1641997220,0.083330107,3.5535,0.080010485
714,0.106996233,0.056300228,1641997220,1641997220,0.113310051,3.5535,0.109996233
715,0.086219892,0.056304827,1641997220,1641997220,0.092529964,3.5535,0.089219892
716,0.095564504,0.056307893,1641997220,1641997220,0.101880026,3.5535,0.098564504
717,0.077585669,0.056311159,1641997220,1641997220,0.083909941,3.5535,0.080585669
718,0.09517293,0.056309652,1641997220,1641997220,0.101489973,3.5535,0.09817293
719,0.063150251,0.056320107,1641997220,1641997220,0.069479895,3.5535,0.066150251
720,0.074054399,0.056316218,1641997220,1641997220,0.080379915,3.5535,0.077054399
721,0.07542696,0.056313371,1641997221,1641997220,0.081750107,3.5535,0.07842696
722,0.096798122,0.056309521,1641997221,1641997220,0.103120041,3.5535,0.099798122
723,0.072992601,0.056306563,1641997221,1641997221,0.079299879,3.5535,0.075992601
724,0.258386555,0.05630165,1641997221,1641997221,0.264699888,3.5535,0.261386555
725,0.085523337,0.056296855,1641997221,1641997221,0.091829967,3.5535,0.088523337
726,0.077378533,0.056299426,1641997221,1641997221,0.083690119,3.5535,0.080378533
727,0.098193157,0.056304228,1641997221,1641997221,0.104510021,3.5535,0.101193157
728,0.072908706,0.056308442,1641997221,1641997221,0.079229784,3.5535,0.075908706
729,0.085343457,0.056304597,1641997221,1641997221,0.091659975,3.5535,0.088343457
730,0.103190132,0.056307606,1641997222,1641997221,0.109510136,3.5535,0.106190132
731,0.076005825,0.056305996,1641997222,1641997221,0.082319927,3.5535,0.079005825
732,0.093726444,0.056302738,1641997222,1641997222,0.100039911,3.5535,0.096726444
733,0.08647153,0.056305913,1641997222,1641997222,0.092789841,3.5535,0.08947153
734,0.085693184,0.056302485,1641997222,1641997222,0.092009974,3.5535,0.088693184
735,0.087740583,0.056305962,1641997222,1641997222,0.094050121,3.5535,0.090740583
736,0.088202932,0.056310198,1641997222,1641997222,0.094520044,3.5535,0.091202932
737,0.0773302,0.056315096,1641997222,1641997222,0.083660078,3.5535,0.0803302
738,0.085715667,0.05631338,1641997222,1641997222,0.092040014,3.5535,0.088715667
739,0.086740238,0.056318062,1641997222,1641997222,0.093059969,3.5535,0.089740238
740,0.10385871,0.056322097,1641997222,1641997222,0.110189867,3.5535,0.10685871
741,0.091672115,0.056324787,1641997223,1641997222,0.098010015,3.5535,0.094672115
742,0.072688953,0.056321247,1641997223,1641997223,0.079019976,3.5535,0.075688953
743,0.063568988,0.056316456,1641997223,1641997223,0.069899988,3.5535,0.066568988
744,0.08637114,0.056311651,1641997223,1641997223,0.092699957,3.5535,0.08937114
745,0.087202135,0.056309399,1641997223,1641997223,0.093520117,3.5535,0.090202135
746,0.088873454,0.056306056,1641997223,1641997223,0.095190001,3.5535,0.091873454
747,0.077892022,0.056310458,1641997223,1641997223,0.084209871,3.5535,0.080892022
748,0.082498775,0.056307806,1641997223,1641997223,0.088809919,3.5535,0.085498775
749,0.084752113,0.056308716,1641997223,1641997223,0.091070127,3.5535,0.087752113
750,0.077060908,0.056311161,1641997223,1641997223,0.083380175,3.5535,0.080060908
751,0.076978324,0.056309106,1641997223,1641997223,0.083300066,3.5535,0.079978324
752,0.094769735,0.056307297,1641997224,1641997223,0.101090145,3.5535,0.097769735
753,0.076166761,0.056311953,1641997224,1641997224,0.08248992,3.5535,0.079166761
754,0.096884059,0.056308461,1641997224,1641997224,0.103209925,3.5535,0.099884059
755,0.075468528,0.056305421,1641997224,1641997224,0.081780148,3.5535,0.078468528
756,0.086580098,0.056302249,1641997224,1641997224,0.092889977,3.5535,0.089580098
757,0.07480009,0.056306525,1641997224,1641997224,0.081120205,3.5535,0.07780009
758,0.094697946,0.056302077,1641997224,1641997224,0.101010036,3.5535,0.097697946
759,0.075007718,0.056306321,1641997224,1641997224,0.081330013,3.5535,0.078007718
760,0.085201452,0.056302598,1641997224,1641997224,0.091520023,3.5535,0.088201452
761,0.095589658,0.05630658,1641997224,1641997224,0.101900053,3.5535,0.098589658
762,0.087248445,0.05630362,1641997224,1641997224,0.093559933,3.5535,0.090248445
763,0.097187964,0.056308063,1641997225,1641997224,0.10350008,3.5535,0.100187964
764,0.093051219,0.056310869,1641997225,1641997225,0.099370193,3.5535,0.096051219
765,0.077658596,0.056313334,1641997225,1641997225,0.083990049,3.5535,0.080658596
766,0.085259663,0.05631162,1641997225,1641997225,0.091579866,3.5535,0.088259663
767,0.087461582,0.056316027,1641997225,1641997225,0.093779993,3.5535,0.090461582
768,0.094908265,0.056319925,1641997225,1641997225,0.10124011,3.5535,0.097908265
769,0.083319645,0.056318064,1641997225,1641997225,0.089650106,3.5535,0.086319645
770,0.094383726,0.056319943,1641997225,1641997225,0.100710106,3.5535,0.097383726
771,0.088252873,0.056324153,1641997225,1641997225,0.094610167,3.5535,0.091252873
772,0.082849272,0.056323282,1641997225,1641997225,0.089189959,3.5535,0.085849272
773,0.087229631,0.056320049,1641997226,1641997225,0.09357996,3.5535,0.090229631
774,0.073725795,0.056324625,1641997226,1641997225,0.080059958,3.5535,0.076725795
775,0.078712345,0.056321024,1641997226,1641997226,0.085039806,3.5535,0.081712345
776,0.08215024,0.056319218,1641997226,1641997226,0.088479948,3.5535,0.08515024
777,0.085150296,0.056320137,1641997226,1641997226,0.091479969,3.5535,0.088150296
778,0.077976064,0.056322737,1641997226,1641997226,0.084299994,3.5535,0.080976064
779,0.087277478,0.056321078,1641997226,1641997226,0.093610001,3.5535,0.090277478
780,0.077681197,0.056325065,1641997226,1641997226,0.084019852,3.5535,0.080681197
781,0.087154231,0.056323447,1641997226,1641997226,0.093490076,3.5535,0.090154231
782,0.084412888,0.056327745,1641997226,1641997226,0.09075017,3.5535,0.087412888
783,0.073779356,0.056330431,1641997226,1641997226,0.080130053,3.5535,0.076779356
784,0.08901436,0.056326798,1641997227,1641997226,0.095349979,3.5535,0.09201436
785,0.095581522,0.056331406,1641997227,1641997226,0.10192008,3.5535,0.098581522
786,0.077412122,0.056329257,1641997227,1641997227,0.083749962,3.5535,0.080412122
787,0.086869517,0.056327781,1641997227,1641997227,0.093210173,3.5535,0.089869517
788,0.082802192,0.056331977,1641997227,1641997227,0.089139891,3.5535,0.085802192
789,0.087787896,0.056333751,1641997227,1641997227,0.094129992,3.5535,0.090787896
790,0.077377761,0.056338107,1641997227,1641997227,0.083729935,3.5535,0.080377761
791,0.087361543,0.056336673,1641997227,1641997227,0.093710136,3.5535,0.090361543
792,0.074711735,0.056341236,1641997227,1641997227,0.081059885,3.5535,0.077711735
793,0.094381628,0.056337538,1641997227,1641997227,0.100729895,3.5535,0.097381628
794,0.063954444,0.056341558,1641997227,1641997227,0.070299816,3.5535,0.066954444
795,0.088385342,0.056338073,1641997228,1641997227,0.094730091,3.5535,0.091385342
796,0.072768279,0.056338958,1641997228,1641997227,0.079110098,3.5535,0.075768279
797,0.079402474,0.056334468,1641997228,1641997228,0.085740042,3.5535,0.082402474
798,0.095106204,0.056331555,1641997228,1641997228,0.101439905,3.5535,0.098106204
799,0.077663341,0.056335768,1641997228,1641997228,0.084010077,3.5535,0.080663341
800,0.082117567,0.056334725,1641997228,1641997228,0.088459921,3.5535,0.085117567
801,0.086115863,0.056336854,1641997228,1641997228,0.092460108,3.5535,0.089115863
802,0.07379156,0.056340638,1641997228,1641997228,0.080130053,3.5535,0.07679156
803,0.077730823,0.056337189,1641997228,1641997228,0.084080172,3.5535,0.080730823
804,0.283112791,0.056335422,1641997229,1641997228,0.289449883,3.5535,0.286112791
805,0.084022502,0.056339284,1641997229,1641997228,0.090370131,3.5535,0.087022502
806,0.084930549,0.056341519,1641997229,1641997229,0.091279936,3.5535,0.087930549
807,0.08496318,0.056344174,1641997229,1641997229,0.09131999,3.5535,0.08796318
808,0.092071235,0.056346714,1641997229,1641997229,0.098429871,3.5535,0.095071235
809,0.07418664,0.056347771,1641997229,1641997229,0.080540133,3.5535,0.07718664
810,0.115869325,0.05634423,1641997229,1641997229,0.122230005,3.5535,0.118869325
811,0.085134054,0.056348537,1641997229,1641997229,0.091489983,3.5535,0.088134054
812,0.095345846,0.056350836,1641997229,1641997229,0.10170002,3.5535,0.098345846
813,0.091587519,0.056349064,1641997229,1641997229,0.097940159,3.5535,0.094587519
814,0.07265862,0.05634562,1641997229,1641997229,0.079010201,3.5535,0.07565862
815,0.075295429,0.056341191,1641997230,1641997229,0.081639957,3.5535,0.078295429
816,0.096394739,0.056338349,1641997230,1641997230,0.102750015,3.5535,0.099394739
817,0.088407234,0.056342646,1641997230,1641997230,0.094760132,3.5535,0.091407234
818,0.110108573,0.056347172,1641997230,1641997230,0.116460037,3.5535,0.113108573
819,0.082545663,0.056349848,1641997230,1641997230,0.088900042,3.5535,0.085545663
820,0.0839065,0.056351574,1641997230,1641997230,0.090280008,3.5535,0.0869065
821,0.074838963,0.056353959,1641997230,1641997230,0.081199837,3.5535,0.077838963
822,0.097625103,0.056350622,1641997230,1641997230,0.10399003,3.5535,0.100625103
823,0.074823551,0.05635459,1641997230,1641997230,0.081189823,3.5535,0.077823551
824,0.095171125,0.05635175,1641997230,1641997230,0.101530027,3.5535,0.098171125
825,0.075292294,0.056350048,1641997231,1641997230,0.081650209,3.5535,0.078292294
826,0.077106249,0.056346882,1641997231,1641997230,0.08346982,3.5535,0.080106249
827,0.075445934,0.056344465,1641997231,1641997231,0.081799936,3.5535,0.078445934
828,0.096755406,0.056341985,1641997231,1641997231,0.103110027,3.5535,0.099755406
829,0.089834858,0.056340288,1641997231,1641997231,0.096189928,3.5535,0.092834858
830,0.08341721,0.056341377,1641997231,1641997231,0.089770031,3.5535,0.08641721
831,0.086872379,0.056343039,1641997231,1641997231,0.093229961,3.5535,0.089872379
832,0.074211654,0.056347313,1641997231,1641997231,0.080569935,3.5535,0.077211654
833,0.077937477,0.056344158,1641997231,1641997231,0.084299994,3.5535,0.080937477
834,0.085761114,0.056342559,1641997231,1641997231,0.092109871,3.5535,0.088761114
835,0.064507793,0.056340148,1641997231,1641997231,0.070849848,3.5535,0.067507793
836,0.078530067,0.056337124,1641997231,1641997231,0.084880066,3.5535,0.081530067
837,0.102692732,0.056337944,1641997232,1641997231,0.109049988,3.5535,0.105692732
838,0.086667095,0.056344952,1641997232,1641997232,0.093020153,3.5535,0.089667095
839,0.084151311,0.056342321,1641997232,1641997232,0.090500069,3.5535,0.087151311
840,0.088949488,0.056340887,1641997232,1641997232,0.095310163,3.5535,0.091949488
841,0.087062606,0.056339732,1641997232,1641997232,0.093409967,3.5535,0.090062606
842,0.083503572,0.056338461,1641997232,1641997232,0.08985014,3.5535,0.086503572
843,0.08832165,0.056340253,1641997232,1641997232,0.094669771,3.5535,0.09132165
844,0.077343001,0.056344257,1641997232,1641997232,0.08368988,3.5535,0.080343001
845,0.084911642,0.056341591,1641997232,1641997232,0.091259909,3.5535,0.087911642
846,0.085380614,0.056344211,1641997232,1641997232,0.091740084,3.5535,0.088380614
847,0.0861441,0.056347955,1641997233,1641997232,0.092500162,3.5535,0.0891441
848,0.084815702,0.056345263,1641997233,1641997232,0.091180038,3.5535,0.087815702
849,0.084401205,0.056347773,1641997233,1641997233,0.090759945,3.5535,0.087401205
850,0.075207276,0.056350189,1641997233,1641997233,0.081570101,3.5535,0.078207276
851,0.087632719,0.056346831,1641997233,1641997233,0.09399004,3.5535,0.090632719
852,0.076438669,0.056350227,1641997233,1641997233,0.082800102,3.5535,0.079438669
853,0.087036007,0.056348211,1641997233,1641997233,0.093399954,3.5535,0.090036007
854,0.103526898,0.05635231,1641997233,1641997233,0.109889936,3.5535,0.106526898
855,0.084538482,0.056349017,1641997233,1641997233,0.090899897,3.5535,0.087538482
856,0.068763583,0.056346328,1641997233,1641997233,0.075119925,3.5535,0.071763583
857,0.076928108,0.056343586,1641997233,1641997233,0.083280039,3.5535,0.079928108
858,0.08146194,0.0563409,1641997234,1641997233,0.087820005,3.5535,0.08446194
859,0.075408675,0.05634167,1641997234,1641997233,0.081759882,3.5535,0.078408675
860,0.084612692,0.056338464,1641997234,1641997234,0.090959978,3.5535,0.087612692
861,0.282968018,0.056341913,1641997234,1641997234,0.289319944,3.5535,0.285968018
862,0.099048667,0.05634541,1641997234,1641997234,0.105400038,3.5535,0.102048667
863,0.063770363,0.05634754,1641997234,1641997234,0.070130062,3.5535,0.066770363
864,0.076057886,0.056344773,1641997234,1641997234,0.082410049,3.5535,0.079057886
865,0.087018129,0.056342485,1641997234,1641997234,0.093370152,3.5535,0.090018129
866,0.095562586,0.056346527,1641997234,1641997234,0.10192008,3.5535,0.098562586
867,0.081327863,0.056343369,1641997235,1641997234,0.087680054,3.5535,0.084327863
868,0.08496095,0.056339252,1641997235,1641997234,0.09131999,3.5535,0.08796095
869,0.074510393,0.056336346,1641997235,1641997235,0.080849838,3.5535,0.077510393
870,0.087412606,0.056333293,1641997235,1641997235,0.093760204,3.5535,0.090412606
871,0.078422888,0.056337254,1641997235,1641997235,0.084769917,3.5535,0.081422888
872,0.086794357,0.056336184,1641997235,1641997235,0.093139839,3.5535,0.089794357
873,0.063057949,0.05633993,1641997235,1641997235,0.069410038,3.5535,0.066057949
874,0.086233528,0.056336729,1641997235,1641997235,0.092580032,3.5535,0.089233528
875,0.095489227,0.056340254,1641997235,1641997235,0.101859999,3.5535,0.098489227
876,0.084314872,0.056337069,1641997235,1641997235,0.090660048,3.5535,0.087314872
877,0.094205407,0.056334468,1641997235,1641997235,0.100549889,3.5535,0.097205407
878,0.086728667,0.05633607,1641997236,1641997235,0.093079996,3.5535,0.089728667
879,0.075337864,0.056338571,1641997236,1641997235,0.081690025,3.5535,0.078337864
880,0.075734883,0.056336374,1641997236,1641997236,0.08207984,3.5535,0.078734883
881,0.074022062,0.056334965,1641997236,1641997236,0.080369902,3.5535,0.077022062
882,0.07830883,0.056331864,1641997236,1641997236,0.084649992,3.5535,0.08130883
883,0.093368978,0.056330233,1641997236,1641997236,0.099710178,3.5535,0.096368978
884,0.082763517,0.056333458,1641997236,1641997236,0.089110088,3.5535,0.085763517
885,0.107033142,0.056330553,1641997236,1641997236,0.113370132,3.5535,0.110033142
886,0.074754282,0.056334452,1641997236,1641997236,0.081100178,3.5535,0.077754282
887,0.114383735,0.056331358,1641997236,1641997236,0.1207201,3.5535,0.117383735
888,0.074834985,0.056335049,1641997236,1641997236,0.081180048,3.5535,0.077834985
889,0.085345501,0.056332117,1641997237,1641997236,0.091690016,3.5535,0.088345501
890,0.077027223,0.056336024,1641997237,1641997236,0.083370161,3.5535,0.080027223
891,0.075288226,0.05633385,1641997237,1641997237,0.081639957,3.5535,0.078288226
892,0.076499651,0.056331446,1641997237,1641997237,0.082839918,3.5535,0.079499651
893,0.07668243,0.056329864,1641997237,1641997237,0.083020163,3.5535,0.07968243
894,0.087957383,0.056328296,1641997237,1641997237,0.094290209,3.5535,0.090957383
895,0.084369213,0.05633232,1641997237,1641997237,0.090720129,3.5535,0.087369213
896,0.102873419,0.056334401,1641997237,1641997237,0.10921998,3.5535,0.105873419
897,0.072457413,0.056337018,1641997237,1641997237,0.078800154,3.5535,0.075457413
898,0.061173999,0.056332982,1641997237,1641997237,0.06751008,3.5535,0.064173999
899,0.076442492,0.056329,1641997237,1641997237,0.082779837,3.5535,0.079442492
900,0.07497954,0.056326393,1641997237,1641997237,0.08132,3.5535,0.07797954
901,0.096454283,0.056323865,1641997238,1641997237,0.102789831,3.5535,0.099454283
902,0.084603466,0.056327902,1641997238,1641997238,0.090949965,3.5535,0.087603466
903,0.09929916,0.056329759,1641997238,1641997238,0.105639887,3.5535,0.10229916
904,0.074238932,0.05632838,1641997238,1641997238,0.080580187,3.5535,0.077238932
905,0.100967815,0.056325266,1641997238,1641997238,0.107310009,3.5535,0.103967815
906,0.087780604,0.056329121,1641997238,1641997238,0.094119978,3.5535,0.090780604
907,0.095668142,0.056332523,1641997238,1641997238,0.102019978,3.5535,0.098668142
908,0.074956962,0.056331089,1641997238,1641997238,0.081300211,3.5535,0.077956962
909,0.087865657,0.056327993,1641997238,1641997238,0.094209862,3.5535,0.090865657
910,0.102207519,0.056331299,1641997238,1641997238,0.108550024,3.5535,0.105207519
911,0.076521932,0.05633396,1641997239,1641997238,0.082870197,3.5535,0.079521932
912,0.087113412,0.056331364,1641997239,1641997238,0.093460035,3.5535,0.090113412
913,0.088497236,0.056334421,1641997239,1641997239,0.094840002,3.5535,0.091497236
914,0.088353319,0.056338387,1641997239,1641997239,0.094699812,3.5535,0.091353319
915,0.098333358,0.056342364,1641997239,1641997239,0.104680014,3.5535,0.101333358
916,0.085506176,0.056340957,1641997239,1641997239,0.091860008,3.5535,0.088506176
917,0.063992987,0.056337108,1641997239,1641997239,0.07033987,3.5535,0.066992987
918,0.076327106,0.056334236,1641997239,1641997239,0.082669926,3.5535,0.079327106
919,0.104828003,0.05633175,1641997239,1641997239,0.111170006,3.5535,0.107828003
920,0.075193964,0.05633489,1641997239,1641997239,0.081530046,3.5535,0.078193964
921,0.088954598,0.056331008,1641997239,1641997239,0.095299911,3.5535,0.091954598
922,0.087945462,0.056334733,1641997240,1641997239,0.09428997,3.5535,0.090945462
923,0.089810791,0.056338367,1641997240,1641997240,0.096159887,3.5535,0.092810791
924,0.08729191,0.056336926,1641997240,1641997240,0.093650055,3.5535,0.09029191
925,0.088040721,0.056334842,1641997240,1641997240,0.094380093,3.5535,0.091040721
926,0.095847133,0.056333539,1641997240,1641997240,0.10218997,3.5535,0.098847133
927,0.075827702,0.056335822,1641997240,1641997240,0.082169962,3.5535,0.078827702
928,0.105463191,0.05633314,1641997240,1641997240,0.111809921,3.5535,0.108463191
929,0.095742582,0.056336285,1641997240,1641997240,0.102099848,3.5535,0.098742582
930,0.110056657,0.056333524,1641997240,1641997240,0.116399956,3.5535,0.113056657
931,0.084922268,0.056329772,1641997240,1641997240,0.091259909,3.5535,0.087922268
932,0.078061249,0.056331728,1641997241,1641997240,0.084409904,3.5535,0.081061249
933,0.105073098,0.056330081,1641997241,1641997241,0.111409855,3.5535,0.108073098
934,0.075955746,0.056333187,1641997241,1641997241,0.0822999,3.5535,0.078955746
935,0.083936569,0.056330565,1641997241,1641997241,0.090280008,3.5535,0.086936569
936,0.103583155,0.056333723,1641997241,1641997241,0.109929991,3.5535,0.106583155
937,0.082338001,0.056335543,1641997241,1641997241,0.088689995,3.5535,0.085338001
938,0.091072132,0.056334208,1641997241,1641997241,0.09741993,3.5535,0.094072132
939,0.077456487,0.056339489,1641997241,1641997241,0.083810043,3.5535,0.080456487
940,0.087796969,0.056338029,1641997241,1641997241,0.094150019,3.5535,0.090796969
941,0.087929372,0.056341525,1641997241,1641997241,0.094279957,3.5535,0.090929372
942,0.084832493,0.056340155,1641997242,1641997241,0.091180038,3.5535,0.087832493
943,0.085205354,0.056342088,1641997242,1641997241,0.091549826,3.5535,0.088205354
944,0.091031321,0.056344262,1641997242,1641997242,0.097389889,3.5535,0.094031321
945,0.082029527,0.056342894,1641997242,1641997242,0.088390064,3.5535,0.085029527
946,0.086075507,0.056343593,1641997242,1641997242,0.092429829,3.5535,0.089075507
947,0.076708859,0.056345636,1641997242,1641997242,0.083069992,3.5535,0.079708859
948,0.091731653,0.05634369,1641997242,1641997242,0.098090124,3.5535,0.094731653
949,0.0870225,0.056349082,1641997242,1641997242,0.093379927,3.5535,0.0900225
950,0.072016998,0.056352811,1641997242,1641997242,0.078379822,3.5535,0.075016998
951,0.270163854,0.056349913,1641997243,1641997242,0.276519966,3.5535,0.273163854
952,0.086008756,0.056350501,1641997243,1641997242,0.092369986,3.5535,0.089008756
953,0.095011726,0.056352362,1641997243,1641997243,0.101379824,3.5535,0.098011726
954,0.085350783,0.056355684,1641997243,1641997243,0.091720057,3.5535,0.088350783
955,0.091455084,0.056357759,1641997243,1641997243,0.097830009,3.5535,0.094455084
956,0.09527007,0.056356279,1641997243,1641997243,0.101630163,3.5535,0.09827007
957,0.075929274,0.056357513,1641997243,1641997243,0.082300138,3.5535,0.078929274
958,0.077734738,0.056355209,1641997243,1641997243,0.084100199,3.5535,0.080734738
959,0.08708742,0.056358549,1641997243,1641997243,0.093460035,3.5535,0.09008742
960,0.089534317,0.056361403,1641997243,1641997243,0.095910025,3.5535,0.092534317
961,0.097439984,0.056365034,1641997243,1641997243,0.103810024,3.5535,0.100439984
962,0.096154868,0.056367458,1641997244,1641997243,0.102529955,3.5535,0.099154868
963,0.064959979,0.056370282,1641997244,1641997244,0.071339798,3.5535,0.067959979
964,0.096348597,0.056366609,1641997244,1641997244,0.102729988,3.5535,0.099348597
965,0.074540589,0.056364086,1641997244,1641997244,0.08090992,3.5535,0.077540589
966,0.087574004,0.056360246,1641997244,1641997244,0.093939972,3.5535,0.090574004
967,0.102996412,0.056358751,1641997244,1641997244,0.109369946,3.5535,0.105996412
968,0.063366203,0.056360931,1641997244,1641997244,0.069729996,3.5535,0.066366203
969,0.085158023,0.056357232,1641997244,1641997244,0.091520023,3.5535,0.088158023
970,0.096436207,0.056358869,1641997244,1641997244,0.102810097,3.5535,0.099436207
971,0.087909683,0.056362167,1641997244,1641997244,0.094299984,3.5535,0.090909683
972,0.077672826,0.056365623,1641997244,1641997244,0.084050131,3.5535,0.080672826
973,0.088148688,0.056364204,1641997245,1641997244,0.094520044,3.5535,0.091148688
974,0.08883037,0.056367498,1641997245,1641997245,0.095209789,3.5535,0.09183037
975,0.088125574,0.056371106,1641997245,1641997245,0.094500017,3.5535,0.091125574
976,0.087164359,0.056374593,1641997245,1641997245,0.093550158,3.5535,0.090164359
977,0.105114207,0.056373134,1641997245,1641997245,0.111499977,3.5535,0.108114207
978,0.093272414,0.056375537,1641997245,1641997245,0.099659872,3.5535,0.096272414
979,0.07759741,0.056377619,1641997245,1641997245,0.083990049,3.5535,0.08059741
980,0.08827662,0.056376223,1641997245,1641997245,0.094659996,3.5535,0.09127662
981,0.087266024,0.056379501,1641997245,1641997245,0.093650055,3.5535,0.090266024
982,0.087476885,0.056382978,1641997245,1641997245,0.093869877,3.5535,0.090476885
983,0.076009906,0.056385123,1641997246,1641997245,0.082410049,3.5535,0.079009906
984,0.086886323,0.056382739,1641997246,1641997245,0.093300056,3.5535,0.089886323
985,0.082215586,0.056385717,1641997246,1641997246,0.088610125,3.5535,0.085215586
986,0.086516284,0.056384422,1641997246,1641997246,0.092910004,3.5535,0.089516284
987,0.099440064,0.056387458,1641997246,1641997246,0.105829906,3.5535,0.102440064
988,0.075590209,0.056386395,1641997246,1641997246,0.081989956,3.5535,0.078590209
989,0.095306505,0.056383978,1641997246,1641997246,0.10170002,3.5535,0.098306505
990,0.088836614,0.056387004,1641997246,1641997246,0.095240068,3.5535,0.091836614
991,0.07598472,0.056385514,1641997246,1641997246,0.082380009,3.5535,0.07898472
992,0.092912692,0.056389076,1641997246,1641997246,0.099300098,3.5535,0.095912692
993,0.078065812,0.056389869,1641997246,1641997246,0.084459972,3.5535,0.081065812
994,0.086895414,0.05638843,1641997247,1641997246,0.093289804,3.5535,0.089895414
995,0.077122082,0.056391369,1641997247,1641997247,0.08353014,3.5535,0.080122082
996,0.078477092,0.0563901,1641997247,1641997247,0.084899855,3.5535,0.081477092
997,0.096628434,0.05638861,1641997247,1641997247,0.103029919,3.5535,0.099628434
998,0.075500457,0.056391271,1641997247,1641997247,0.081899834,3.5535,0.078500457
999,0.091667963,0.056388783,1641997247,1641997247,0.098069859,3.5535,0.094667963
1000,0.08679386,0.056391994,1641997247,1641997247,0.093209934,3.5535,0.08979386
1001,0.07106386,0.056390659,1641997247,1641997247,0.077460003,3.5535,0.07406386
1002,0.09846748,0.056387056,1641997247,1641997247,0.104869795,3.5535,0.10146748
1003,0.074925742,0.056385436,1641997247,1641997247,0.08132,3.5535,0.077925742
1004,0.08741385,0.056382833,1641997247,1641997247,0.09380002,3.5535,0.09041385
1005,0.091139879,0.056386147,1641997248,1641997247,0.097530079,3.5535,0.094139879
1006,0.062214106,0.056386978,1641997248,1641997248,0.068610144,3.5535,0.065214106
1007,0.086171675,0.056383324,1641997248,1641997248,0.09256978,3.5535,0.089171675
1008,0.084372079,0.056385243,1641997248,1641997248,0.090769958,3.5535,0.087372079
1009,0.076577628,0.056388413,1641997248,1641997248,0.082980108,3.5535,0.079577628
1010,0.087428122,0.05638668,1641997248,1641997248,0.093820047,3.5535,0.090428122
,,,,Client Closed,#VALUE!,3.5535,0.003
